,station_name,equipment_id,description,borough,subway_lines,equipment_type,ada_compliant,is_active,clean_lines,remote
0,125 St,EL125,125 St & Lexington Ave (NE corner) to Mezzanine for service in both directions,MN,4/5/6/METRO-NORTH,EL,Y,Y,4-5-6,['R132']
1,125 St,EL142,125 St & St Nicholas Ave (SW corner) to Mezzanine for service in both directions,MN,A/B/C/D,EL,Y,Y,A-B-C-D,['R102']
2,125 St,EL143,Mezzanine to downtown Platform,MN,A/B/C/D,EL,Y,Y,A-B-C-D,['R102']
3,125 St,EL126,Mezzanine to Platforms for service in both directions on all lines,MN,4/5/6/METRO-NORTH,EL,Y,Y,4-5-6,['R132']
4,125 St,EL144,Mezzanine to uptown Platform,MN,A/B/C/D,EL,Y,Y,A-B-C-D,['R102']
5,125 St,ES102,Street to Mezzanine,MN,1,ES,N,Y,1,['R034']
6,125 St,ES101,Street to Mezzanine,MN,1,ES,N,Y,1,['R034']
7,125 St,ES103,Street to Mezzanine,MN,1,ES,N,Y,1,['R034']
8,135 St,EL180,Lenox Ave & 181 St (NE corner) to uptown Platform,MN,2/3,EL,Y,Y,2-3,['R207']
9,135 St,EL181,Lenox Ave & 181 St (SW corner) to downtown Platform,MN,2/3,EL,Y,Y,2-3,['R207']
10,14 St - 8 Av,EL221,8th Ave & 14 St (SW corner) to Mezzanine for service in both directions,MN,A/C/E/L,EL,Y,Y,A-C-E-L,['R175']
11,14 St - 8 Av,EL222,Mezzanine to downtown A/C/E Platform,MN,A/C/E/L,EL,Y,Y,A-C-E-L,['R175']
12,14 St - 8 Av,EL223,Mezzanine to uptown A/C/E Platform,MN,A/C/E/L,EL,Y,Y,A-C-E-L,['R175']
13,14 St - Union Sq,EL217,4th Ave & 14 St (NE corner) to Mezzanine for service in both directions,MN,L/N/Q/R/W,EL,Y,Y,L-N-Q-R-W,['R170']
14,14 St - Union Sq,EL220,Mezzanine to downtown N/Q/R/W Platform,MN,L/N/Q/R/W,EL,Y,Y,L-N-Q-R-W,['R170']
15,14 St - Union Sq,EL218,Mezzanine to Platform for service in both directions,MN,L,EL,Y,Y,L,['R170']
16,14 St - Union Sq,EL219,Mezzanine to uptown N/Q/R/W Platform,MN,L/N/Q/R/W,EL,Y,Y,L-N-Q-R-W,['R170']
17,14 St - Union Sq,ES257X,Street to Mezzanine all trains,MN,L/N/Q/R/W,ES,N,Y,L-N-Q-R-W,['R170']
18,14 St - Union Sq,ES258X,Street to Mezzanine all trains,MN,L/N/Q/R/W,ES,N,Y,L-N-Q-R-W,['R170']
19,14 St - Union Sq,ES256X,Three landings,MN,4/5/6,ES,N,N,4-5-6,['R170']
20,145 St,ES116,Northbound ll Platform to Upper Mezzanine,MN,A/B/C/D,ES,N,Y,A-B-C-D,['R101']
21,145 St,ES115,Northbound ll Platform to Upper Mezzanine,MN,A/B/C/D,ES,N,Y,A-B-C-D,['R101']
22,149 St - 3 Av,EL129,3rd Ave & 149 St (SW corner) to Platform for uptown service,BX,2/5,EL,Y,Y,2-5,['R053']
23,149 St - 3 Av,EL130,Melrose Ave & 149 St (NW corner) to Platform for Manhattan bound service,BX,2/5,EL,Y,Y,2-5,['R053']
24,161 St - Yankee Stadium,EL131,161 St & River Ave (NE corner) to Mezzanine to reach service in both directions,BX,4/B/D,EL,Y,Y,4-B-D,['R195']
25,161 St - Yankee Stadium,ES114,Lower Mezzanine to Upper Mezzanine,BX,4/B/D,ES,N,Y,4-B-D,['R195']
26,161 St - Yankee Stadium,ES113,Lower Mezzanine to Upper Mezzanine,BX,4/B/D,ES,N,Y,4-B-D,['R195']
27,161 St - Yankee Stadium,EL133,Mezzanine to Manhattan bound 4 line Platform,BX,4/B/D,EL,Y,Y,4-B-D,['R195']
28,161 St - Yankee Stadium,EL134,Mezzanine to Manhattan bound B/D Platform,BX,4/B/D,EL,Y,Y,4-B-D,['R195']
29,161 St - Yankee Stadium,EL135,Mezzanine to Norwood 205 St bound B/D Platform,BX,4/B/D,EL,Y,Y,4-B-D,['R195']
30,161 St - Yankee Stadium,EL132,Mezzanine to Platform for Woodlawn bound 4 line,BX,4/B/D,EL,Y,Y,4-B-D,['R195']
31,168 St,EL139,168 St & St Nicholas Ave (SE corner) to Mezzanine for A and C service in both directions (and to non-ADA 1 line elevators),MN,A/C,EL,Y,Y,A-C,['R035']
32,168 St,EL112,Lower Mezzanine to Upper Mezzanine,MN,1,EL,N,N,1,['R035']
33,168 St,EL111,Lower Mezzanine to Upper Mezzanine,MN,1,EL,N,N,1,['R035']
34,168 St,EL113,Lower Mezzanine to Upper Mezzanine,MN,1,EL,N,N,1,['R035']
35,168 St,EL114,Lower Mezzanine to Upper Mezzanine,MN,1,EL,N,N,1,['R035']
36,168 St,EL141,Mezzanine to downtown A/C Platform,MN,A/C,EL,Y,Y,A-C,['R035']
37,168 St,EL140,Mezzanine to uptown A/C Platform,MN,A/C,EL,Y,Y,A-C,['R035']
38,175 St,EL123,177 St & Fort Washington Ave (NE corner) to Mezzanine for service in both directions,MN,A,EL,Y,Y,A,['R126']
39,175 St,EL124,Mezzanine to Platform for uptown service,MN,A,EL,Y,Y,A,['R126']
40,179 St - Jamaica,EL431,179 Pl & Hillside Ave (SE corner) to Mezzanine for service in both directions,QNS,F,EL,Y,Y,F,['R019']
41,179 St - Jamaica,EL433,Mezzanine to Manhattan bound Platform,QNS,F,EL,Y,Y,F,['R019']
42,179 St - Jamaica,EL432,Mezzanine to Manhattan bound Platform,QNS,F,EL,Y,Y,F,['R019']
43,181 St,EL107,Lower Mezzanine and Upper Mezzanine,MN,1,EL,N,Y,1,['R260']
44,181 St,EL109,Lower Mezzanine to Upper Mezzanine,MN,1,EL,N,Y,1,['R260']
45,181 St,ES119,Lower Mezzanine to Upper Mezzanine,MN,A,ES,N,Y,A,['R174']
46,181 St,EL110,Lower Mezzanine to Upper Mezzanine,MN,1,EL,N,Y,1,['R260']
47,181 St,EL108,Lower Mezzanine to Upper Mezzanine,MN,1,EL,N,Y,1,['R260']
48,181 St,ES117,Lower Mezzanine to Upper Mezzanine,MN,A,ES,N,Y,A,['R174']
49,181 St,ES118,Lower Mezzanine to Upper Mezzanine,MN,A,ES,N,Y,A,['R174']
50,181 St,EL118,Lower Mezzanine to Upper Mezzanine (below 184 St & Ft Washington Ave),MN,A,EL,N,N,A,['R174']
51,181 St,EL117,Lower Mezzanine to Upper Mezzanine (below 184 St & Ft Washington Ave),MN,A,EL,N,N,A,['R174']
52,181 St,EL119,Lower Mezzanine to Upper Mezzanine (below 184 St & Ft Washington Ave),MN,A,EL,N,N,A,['R174']
53,190 St,EL120,Lower Mezzanine to Upper Mezzanine,MN,A,EL,N,Y,A,['R280']
54,190 St,EL115,Lower Mezzanine to Upper Mezzanine. Lower Mezzanine also connects to street-level passageway,MN,A,EL,N,Y,A,['R280']
55,190 St,EL116,Mezzanine to Upper Mezzanine,MN,A,EL,N,Y,A,['R280']
56,191 St,EL106,Lower Mezzanine to Street Level Arcade at St Nicholas Ave & 191 St,MN,1,EL,N,Y,1,['R274']
57,191 St,EL105,Lower Mezzanine to Street Level Arcade at St Nicholas Ave & 191 St,MN,1,EL,N,Y,1,['R274']
58,191 St,EL104,Lower Mezzanine to Street Level Arcade at St Nicholas Ave & 191 St,MN,1,EL,N,Y,1,['R274']
59,191 St,EL103,Street to Mezzanine / Mezzanine to Platform,MN,1,EL,N,Y,1,['R274']
60,205 St - Norwood,ES112,Center Island Platform to Mezzanine,BX,D,ES,N,Y,D,['R157']
61,207 St - Inwood,EL148,207 St & Broadway (NW corner) to Mezzanine to reach downtown service,MN,A,EL,Y,Y,A,['R173']
62,207 St - Inwood,EL149,Mezzanine to Platform for service in both directions,MN,A,EL,Y,Y,A,['R173']
63,21 St - Queensbridge,EL405,21 St & 41 Ave (NE corner) to Mezzanine to reach service in both directions,QNS,F,EL,Y,Y,F,['R303']
64,21 St - Queensbridge,EL407,Mezzanine to Jamaica bound Platform,QNS,F,EL,Y,Y,F,['R303']
65,21 St - Queensbridge,EL406,Mezzanine to Manhattan bound Platform,QNS,F,EL,Y,Y,F,['R303']
66,21 St - Queensbridge,ES421,Mezzanine to Street,QNS,F,ES,N,Y,F,['R303']
67,21 St - Queensbridge,ES422,Mezzanine to Street,QNS,F,ES,N,Y,F,['R303']
68,21 St - Queensbridge,ES425,Northbound Platform to Mezzanine,QNS,F,ES,N,Y,F,['R303']
69,21 St - Queensbridge,ES426,Northbound Platform to Mezzanine,QNS,F,ES,N,Y,F,['R303']
70,21 St - Queensbridge,ES424,Southbound Platform to Mezzanine,QNS,F,ES,N,Y,F,['R303']
71,21 St - Queensbridge,ES423,Southbound Platform to Mezzanine,QNS,F,ES,N,Y,F,['R303']
72,23 St,EL298,Park Ave & 23 St (NE corner) to uptown Platform,MN,6,EL,Y,Y,6,['R131']
73,23 St,EL299,Park Ave & 23 St (NW corner) to downtown Platform,MN,6,EL,Y,Y,6,['R131']
74,231 St,EL185,231 St & Broadway (SE corner) to uptown Platform,BX,1,EL,Y,Y,1,['R040']
75,231 St,EL184,231 St & Broadway (SW corner) to downtown Platform,BX,1,EL,Y,Y,1,['R040']
76,233 St,EL192,233 St & White Plans Rd (NW corner) to Mezzanine to reach service in both directions,BX,2/5,EL,Y,Y,2-5,['R367']
77,233 St,EL194,Mezzanine to downtown Platform,BX,2/5,EL,Y,Y,2-5,['R367']
78,233 St,EL193,Mezzanine to uptown Platform,BX,2/5,EL,Y,Y,2-5,['R367']
79,28 St,EL279X,28 St & Park Ave (SW corner) to downtown Platform,MN,6,EL,Y,Y,6,['R143']
80,34 St - Herald Sq,EL200X,32 St & 6th Ave (NW corner) to Mezzanine near PATH train (connecting to subway lines via non-ADA ramp),MN,B/D/F/M/N/Q/R/W,EL,N,Y,B-D-F-M-N-Q-R-W,"['R022', 'R023']"
81,34 St - Herald Sq,EL213,6th Ave & 34 St entrance (SW corner) to Mezzanine for all trains,MN,B/D/F/M/N/Q/R/W,EL,Y,Y,B-D-F-M-N-Q-R-W,"['R022', 'R023']"
82,34 St - Herald Sq,ES222,Mall landing to Street,MN,B/D/F/M/N/Q/R/W,ES,N,Y,B-D-F-M-N-Q-R-W,"['R022', 'R023']"
83,34 St - Herald Sq,ES221,Mall landing to Street,MN,B/D/F/M/N/Q/R/W,ES,N,Y,B-D-F-M-N-Q-R-W,"['R022', 'R023']"
84,34 St - Herald Sq,ES233,Mezzanine and uptown,MN,B/D/F/M/N/Q/R/W,ES,N,Y,B-D-F-M-N-Q-R-W,"['R022', 'R023']"
85,34 St - Herald Sq,ES224,Mezzanine to mall landing,MN,B/D/F/M/N/Q/R/W,ES,N,Y,B-D-F-M-N-Q-R-W,"['R022', 'R023']"
86,34 St - Herald Sq,ES223,Mezzanine to mall landing,MN,B/D/F/M/N/Q/R/W,ES,N,Y,B-D-F-M-N-Q-R-W,"['R022', 'R023']"
87,34 St - Herald Sq,EL209,Mezzanine to Platform for downtown B/D/F/M service,MN,B/D/F/M/N/Q/R/W,EL,Y,Y,B-D-F-M-N-Q-R-W,"['R022', 'R023']"
88,34 St - Herald Sq,EL211,Mezzanine to Platform for downtown N/Q/R/W service,MN,B/D/F/M/N/Q/R/W,EL,Y,Y,B-D-F-M-N-Q-R-W,"['R022', 'R023']"
89,34 St - Herald Sq,EL210,Mezzanine to Platform for uptown B/D/F/M service,MN,B/D/F/M/N/Q/R/W,EL,Y,Y,B-D-F-M-N-Q-R-W,"['R022', 'R023']"
90,34 St - Herald Sq,EL212,Mezzanine to Platform for uptown N/Q/R/W service,MN,B/D/F/M/N/Q/R/W,EL,Y,Y,B-D-F-M-N-Q-R-W,"['R022', 'R023']"
91,34 St - Herald Sq,ES230,Northbound Platform to Mezzanine,MN,B/D/F/M/N/Q/R/W,ES,N,Y,B-D-F-M-N-Q-R-W,"['R022', 'R023']"
92,34 St - Herald Sq,ES229,Northbound Platform to Mezzanine,MN,B/D/F/M/N/Q/R/W,ES,N,Y,B-D-F-M-N-Q-R-W,"['R022', 'R023']"
93,34 St - Herald Sq,ES234,Northbound Platform to Mezzanine,MN,B/D/F/M/N/Q/R/W,ES,N,Y,B-D-F-M-N-Q-R-W,"['R022', 'R023']"
94,34 St - Herald Sq,ES232,Southbound Platform to Mezzanine,MN,B/D/F/M/N/Q/R/W,ES,N,Y,B-D-F-M-N-Q-R-W,"['R022', 'R023']"
95,34 St - Herald Sq,ES236,Southbound Platform to Mezzanine,MN,B/D/F/M/N/Q/R/W,ES,N,Y,B-D-F-M-N-Q-R-W,"['R022', 'R023']"
96,34 St - Herald Sq,ES235,Southbound Platform to Mezzanine,MN,B/D/F/M/N/Q/R/W,ES,N,Y,B-D-F-M-N-Q-R-W,"['R022', 'R023']"
97,34 St - Herald Sq,ES231,Southbound Platform to Mezzanine,MN,B/D/F/M/N/Q/R/W,ES,N,Y,B-D-F-M-N-Q-R-W,"['R022', 'R023']"
98,34 St - Hudson Yards,EL603,34th St (between 10th Ave & 11th Ave) to Mezzanine to reach 7 line,MN,7,EL,Y,Y,7,['R072']
99,34 St - Hudson Yards,ES636,Lower Mezzanine to Upper Mezzanine,MN,7,ES,N,Y,7,['R072']
100,34 St - Hudson Yards,ES623,Lower Mezzanine to Upper Mezzanine,MN,7,ES,N,Y,7,['R072']
101,34 St - Hudson Yards,ES635,Lower Mezzanine to Upper Mezzanine,MN,7,ES,N,Y,7,['R072']
102,34 St - Hudson Yards,ES622,Lower Mezzanine to Upper Mezzanine,MN,7,ES,N,Y,7,['R072']
103,34 St - Hudson Yards,ES621,Lower Mezzanine to Upper Mezzanine,MN,7,ES,N,Y,7,['R072']
104,34 St - Hudson Yards,ES625,Lower Mezzanine to Upper Mezzanine,MN,7,ES,N,Y,7,['R072']
105,34 St - Hudson Yards,ES633,Lower Mezzanine to Upper Mezzanine,MN,7,ES,N,Y,7,['R072']
106,34 St - Hudson Yards,ES634,Lower Mezzanine to Upper Mezzanine,MN,7,ES,N,Y,7,['R072']
107,34 St - Hudson Yards,ES624,Lower Mezzanine to Upper Mezzanine,MN,7,ES,N,Y,7,['R072']
108,34 St - Hudson Yards,EL600,Mezzanine to Platform for 7 service,MN,7,EL,Y,Y,7,['R072']
109,34 St - Hudson Yards,EL602,Upper Mezzanine to Lower Mezzanine to reach 7 line,MN,7,EL,Y,Y,7,['R072']
110,34 St - Hudson Yards,EL601,Upper Mezzanine to Lower Mezzanine to reach 7 line,MN,7,EL,Y,Y,7,['R072']
111,34 St - Hudson Yards,ES632,Upper Mezzanine to Street,MN,7,ES,N,Y,7,['R072']
112,34 St - Hudson Yards,ES629,Upper Mezzanine to Street,MN,7,ES,N,Y,7,['R072']
113,34 St - Hudson Yards,ES628,Upper Mezzanine to Street,MN,7,ES,N,Y,7,['R072']
114,34 St - Hudson Yards,ES630,Upper Mezzanine to Street,MN,7,ES,N,Y,7,['R072']
115,34 St - Hudson Yards,ES631,Upper Mezzanine to Street,MN,7,ES,N,Y,7,['R072']
116,34 St - Hudson Yards,ES627,Upper Mezzanine to Street,MN,7,ES,N,Y,7,['R072']
117,34 St - Hudson Yards,ES626,Upper Mezzanine to Street,MN,7,ES,N,Y,7,['R072']
118,34 St - Penn,EL225,34 St & 8th Ave (SE corner) to uptown C/E Platform and access to rest of complex,MN,A/C/E,EL,Y,Y,A-C-E,"['R013', 'R293', 'R012']"
119,34 St - Penn,EL215,Concourse level of Penn Station to Platform for 2/3 service in both directions,MN,1/2/3/LIRR,EL,Y,Y,1-2-3,"['R293', 'R031']"
120,34 St - Penn,EL216,Concourse level of Penn Station to Platform for downtown 1 service,MN,1/2/3/LIRR,EL,Y,Y,1-2-3,"['R293', 'R031']"
121,34 St - Penn,EL214,Concourse level of Penn Station to Platform for uptown 1 service,MN,1/2/3/LIRR,EL,Y,Y,1-2-3,"['R293', 'R031']"
122,34 St - Penn,EL34X,LIRR entrance- south side of 34 St (west of 7th Ave) to Penn Station concourse to reach all service in the complex,MN,1/2/3/LIRR,EL,Y,Y,1-2-3,"['R293', 'R031']"
123,34 St - Penn,EL227,Penn Station concourse to Platform for A train service in both directions,MN,A/C/E,EL,Y,Y,A-C-E,"['R013', 'R293', 'R012']"
124,34 St - Penn,EL228,Penn Station concourse to Platform for service in both directions,MN,A/C/E,EL,Y,Y,A-C-E,"['R013', 'R293', 'R012']"
125,34 St - Penn,EL226,Uptown C/E Platform to Lower Mezzanine to reach Penn Station concourse and other lines in complex,MN,A/C/E,EL,Y,Y,A-C-E,"['R013', 'R293', 'R012']"
126,42 St - Bryant Park,EL295X,39 St & 6th Ave (near NW corner) to Mezzanine of B/D/F/M and passageway to 7 line,MN,B/D/F/M,EL,N,Y,B-D-F-M,['R021']
127,42 St - Bryant Park,EL287X,42 St & 6th Ave (NW corne) to Mezzanine of B/D/F/M and passageway to 7 line,MN,B/D/F/M,EL,N,Y,B-D-F-M,['R021']
128,42 St - Bryant Park,EL294X,42 St & 6th Ave (SW corner) to Mezzanine of B/D/F/M and passageway to 7 line,MN,B/D/F/M,EL,N,Y,B-D-F-M,['R021']
129,42 St - Grand Central,EL204,42 St (between Park Ave & Lexington Ave) to Mezzanine for service in both directions on all lines,MN,4/5/6/7/S/METRO-NORTH,EL,Y,N,4-5-6-7-S,"['R046', 'R047', 'R045', 'R048']"
130,42 St - Grand Central,ES207,Center Island Platform to Lower Mezzanine (west end),MN,4/5/6/7/S/METRO-NORTH,ES,N,Y,4-5-6-7-S,"['R046', 'R047', 'R045', 'R048']"
131,42 St - Grand Central,ES209,Center Island Platform to Lower Mezzanine (west end),MN,4/5/6/7/S/METRO-NORTH,ES,N,Y,4-5-6-7-S,"['R046', 'R047', 'R045', 'R048']"
132,42 St - Grand Central,ES610X,Intermediate Mezzanine to Street,MN,4/5/6/7/S/METRO-NORTH,ES,N,Y,4-5-6-7-S,"['R046', 'R047', 'R045', 'R048']"
133,42 St - Grand Central,ES203,Lower Mezzanine to Street (3rd ave),MN,4/5/6/7/S/METRO-NORTH,ES,N,Y,4-5-6-7-S,"['R046', 'R047', 'R045', 'R048']"
134,42 St - Grand Central,ES204,Lower Mezzanine to Street (3rd ave),MN,4/5/6/7/S/METRO-NORTH,ES,N,Y,4-5-6-7-S,"['R046', 'R047', 'R045', 'R048']"
135,42 St - Grand Central,ES206,Lower Mezzanine to Upper Mezzanine (bowery),MN,4/5/6/7/S/METRO-NORTH,ES,N,Y,4-5-6-7-S,"['R046', 'R047', 'R045', 'R048']"
136,42 St - Grand Central,ES205,Lower Mezzanine to Upper Mezzanine (bowery),MN,4/5/6/7/S/METRO-NORTH,ES,N,Y,4-5-6-7-S,"['R046', 'R047', 'R045', 'R048']"
137,42 St - Grand Central,ES210,Lower Mezzanine to Upper Mezzanine (west end),MN,4/5/6/7/S/METRO-NORTH,ES,N,Y,4-5-6-7-S,"['R046', 'R047', 'R045', 'R048']"
138,42 St - Grand Central,ES208,Lower Mezzanine to Upper Mezzanine (west end),MN,4/5/6/7/S/METRO-NORTH,ES,N,Y,4-5-6-7-S,"['R046', 'R047', 'R045', 'R048']"
139,42 St - Grand Central,EL244,Mezzanine to Platform for 7 train service in both directions,MN,4/5/6/7/S/METRO-NORTH,EL,Y,N,4-5-6-7-S,"['R046', 'R047', 'R045', 'R048']"
140,42 St - Grand Central,EL205,Mezzanine to Platform for downtown 4/5/6 service,MN,4/5/6/7/S/METRO-NORTH,EL,Y,Y,4-5-6-7-S,"['R046', 'R047', 'R045', 'R048']"
141,42 St - Grand Central,EL206,Mezzanine to Platform for uptown 4/5/6 service,MN,4/5/6/7/S/METRO-NORTH,EL,Y,Y,4-5-6-7-S,"['R046', 'R047', 'R045', 'R048']"
142,42 St - Grand Central,EL296,Mezzanine to Street level,MN,4/5/6/7/S/METRO-NORTH,EL,Y,Y,4-5-6-7-S,"['R046', 'R047', 'R045', 'R048']"
143,42 St - Grand Central,ES609X,Unassigned,MN,4/5/6/7/S/METRO-NORTH,ES,N,Y,4-5-6-7-S,"['R046', 'R047', 'R045', 'R048']"
144,42 St - Grand Central,ES608X,Unassigned,MN,4/5/6/7/S/METRO-NORTH,ES,N,Y,4-5-6-7-S,"['R046', 'R047', 'R045', 'R048']"
145,42 St - Grand Central,ES256,Upper Mezzanine to Street,MN,4/5/6/7/S/METRO-NORTH,ES,N,N,4-5-6-7-S,"['R046', 'R047', 'R045', 'R048']"
146,42 St - Grand Central,ES255,Upper Mezzanine to Street,MN,4/5/6/7/S/METRO-NORTH,ES,N,N,4-5-6-7-S,"['R046', 'R047', 'R045', 'R048']"
147,42 St - Port Authority Bus Terminal,EL291X,8th Ave & 44 St entrance (SW corner) to Mezzanine to reach A/C/E via ramp,MN,A/C/E,EL,Y,Y,A-C-E,"['R011', 'R010']"
148,42 St - Port Authority Bus Terminal,EL290X,Lower Mezzanine to Mezzanine and ramp to Platforms for service in both directions,MN,A/C/E,EL,Y,Y,A-C-E,"['R011', 'R010']"
149,42 St - Port Authority Bus Terminal,ES606X,Lower Mezzanine to Upper Mezzanine,MN,A/C/E,ES,N,Y,A-C-E,"['R011', 'R010']"
150,42 St - Port Authority Bus Terminal,ES607X,Mezzanine to Street,MN,A/C/E,ES,N,Y,A-C-E,"['R011', 'R010']"
151,42 St - Port Authority Bus Terminal,EL288X,PA Bus Terminal to Mezzanine and ramp for service in both directions,MN,A/C/E,EL,Y,Y,A-C-E,"['R011', 'R010']"
152,42 St - Port Authority Bus Terminal,EL289X,Street-level entrance in PA Bus Terminal to Mezzanine and ramp to Platforms for service in both directions,MN,A/C/E,EL,Y,Y,A-C-E,"['R011', 'R010']"
153,47-50 St - Rockefeller Ctr,EL234,49 St & 6th Ave (NW corner) to Mezzanine for service in both directions,MN,B/D/F/M,EL,Y,Y,B-D-F-M,['R020']
154,47-50 St - Rockefeller Ctr,EL236,Mezzanine to downtown Platform,MN,B/D/F/M,EL,Y,Y,B-D-F-M,['R020']
155,47-50 St - Rockefeller Ctr,EL235,Mezzanine to Jamaica bound Platform,MN,B/D/F/M,EL,Y,Y,B-D-F-M,['R020']
156,49 St,EL268X,Street to Mezzanine,MN,N/R/W,EL,Y,Y,N-R-W,['R081']
157,5 Av / 53 St,ES239,Southbound Platform to Mezzanine,MN,E/M,ES,N,Y,E-M,['R015']
158,5 Av / 53 St,ES240,Southbound Platform to Mezzanine,MN,E/M,ES,N,Y,E-M,['R015']
159,5 Av / 53 St,ES241,Southbound Platform to Mezzanine (madison ave),MN,E/M,ES,N,Y,E-M,['R015']
160,5 Av / 53 St,ES242,Southbound Platform to Mezzanine (madison ave),MN,E/M,ES,N,Y,E-M,['R015']
161,50 St,EL207X,49 St and 8th Ave (NW corner) to Mezzanine for downtown service,MN,C/E,EL,Y,Y,C-E,['R188']
162,50 St,ES263X,Mezzanine to E train Platform,MN,C/E,ES,N,Y,C-E,['R188']
163,50 St,EL208X,Mezzanine to Platform for downtown service,MN,C/E,EL,Y,Y,C-E,['R188']
164,50 St,ES264X,Mezzanine to Street,MN,C/E,ES,N,Y,C-E,['R188']
165,51 St,EL202,Mezzanine to downtown Platform,MN,6,EL,Y,Y,6,['R049']
166,51 St,ES252,Mezzanine to Platform,MN,6,ES,N,Y,6,['R049']
167,51 St,EL201,Mezzanine to uptown Platform,MN,6,EL,Y,Y,6,['R049']
168,57 St - 7 Av,EL283,Mezzanine to Northbound Platform,MN,N/Q/R/W,EL,Y,N,N-Q-R-W,['R080']
169,57 St - 7 Av,EL282,Mezzanine to Southbound Platform,MN,N/Q/R/W,EL,Y,N,N-Q-R-W,['R080']
170,57 St - 7 Av,EL281,Mezzanine to Street,MN,N/Q/R/W,EL,N,Y,N-Q-R-W,['R080']
171,57 St - 7 Av,EL604,Mezzanine to Street,MN,N/Q/R/W,EL,Y,N,N-Q-R-W,['R080']
172,59 St,ES213,Northbound express Platform to Northbound local Platform,MN,4/5/6,ES,N,Y,4-5-6,"['R051', 'R050']"
173,59 St,ES211,Northbound express Platform to Northbound local Platform,MN,4/5/6,ES,N,Y,4-5-6,"['R051', 'R050']"
174,59 St,ES214,Southbound express Platform to Southbound local Platform,MN,4/5/6,ES,N,Y,4-5-6,"['R051', 'R050']"
175,59 St,ES212,Southbound express Platform to Southbound local Platform,MN,4/5/6,ES,N,Y,4-5-6,"['R051', 'R050']"
176,59 St - Columbus Cir,EL276X,8th Ave & 58 St (NW corner) to Mezzanine for service in both directions,MN,1/A/B/C/D,EL,Y,Y,1-A-B-C-D,['R084']
177,59 St - Columbus Cir,EL280,Central Park West & 60 St (NW corner) to uptown 1 Platform (and access to rest of complex),MN,1/A/B/C/D,EL,Y,Y,1-A-B-C-D,['R084']
178,59 St - Columbus Cir,EL277,Downtown 1 Platform to Downtown A/B/C/D Platform,MN,1/A/B/C/D,EL,Y,Y,1-A-B-C-D,['R084']
179,59 St - Columbus Cir,EL278,Mezzanine to Platform for uptown A/B/C/D,MN,1/A/B/C/D,EL,Y,Y,1-A-B-C-D,['R084']
180,59 St - Columbus Cir,ES250X,Street to Mezzanine all trains,MN,1/A/B/C/D,ES,N,Y,1-A-B-C-D,['R084']
181,59 St - Columbus Cir,ES251X,Street to Mezzanine all trains,MN,1/A/B/C/D,ES,N,Y,1-A-B-C-D,['R084']
182,59 St - Columbus Cir,ES276X,Three landings,MN,1/A/B/C/D,ES,N,N,1-A-B-C-D,['R084']
183,59 St - Columbus Cir,EL279,Uptown 1 Platform to Uptown A/B/C/D Platform,MN,1/A/B/C/D,EL,Y,Y,1-A-B-C-D,['R084']
184,61 St - Woodside,EL419X,LIRR Platform to 7 line Mezzanine,QNS,7,EL,N,Y,7,['R147']
185,61 St - Woodside,EL418X,LIRR Platform to 7 line Mezzanine,QNS,7,EL,N,Y,7,['R147']
186,61 St - Woodside,EL417X,Mezzanine to Flushing Main St bound Platform,QNS,7,EL,Y,Y,7,['R147']
187,61 St - Woodside,EL416X,Mezzanine to Manhattan bound Platform,QNS,7,EL,Y,Y,7,['R147']
188,61 St - Woodside,EL415X,Roosevelt Ave & 61 St (NE corner) to  Mezzanine for service in both directions,QNS,7,EL,Y,Y,7,['R147']
189,61 St - Woodside,ES448,Street to Mezzanine,QNS,7,ES,N,Y,7,['R147']
190,66 St - Lincoln Center,EL237,East side of Broadway (between 65 St & 66 St) to uptown Platform,MN,1,EL,Y,Y,1,['R164']
191,66 St - Lincoln Center,EL238,West side of Broadway (between 65 St & 66 St) to downtown Platform,MN,1,EL,Y,Y,1,['R164']
192,68 St / Hunter College,EL285,Mezzanine Northbound Platform,MN,6,EL,Y,N,6,['R177']
193,68 St / Hunter College,EL286,Mezzanine Southbound Platform,MN,6,EL,Y,N,6,['R177']
194,68 St / Hunter College,EL284,Mezzanine to Street,MN,6,EL,Y,N,6,['R177']
195,7 Av,ES238,Southbound Platform to Mezzanine,MN,B/D/E,ES,N,Y,B-D-E,['R171']
196,7 Av,ES237,Southbound Platform to Mezzanine,MN,B/D/E,ES,N,Y,B-D-E,['R171']
197,72 St,EL240,Broadway (between 72 St & 73 St) to downtown Platform,MN,1/2/3,EL,Y,Y,1-2-3,['R452']
198,72 St,EL239,Broadway (between 72 St & 73 St) to uptown Platform,MN,1/2/3,EL,Y,Y,1-2-3,['R452']
199,72 St / 2 Av,EL264,2nd Ave & 72 St (SE corner) to Lower Mezzanine for service in both directions,MN,Q,EL,Y,Y,Q,['R570']
200,72 St / 2 Av,EL265,2nd Ave & 72 St (SE corner) to Lower Mezzanine for service in both directions,MN,Q,EL,Y,Y,Q,['R570']
201,72 St / 2 Av,EL266,2nd Ave & 72 St (SE corner) to Lower Mezzanine for service in both directions,MN,Q,EL,Y,Y,Q,['R570']
202,72 St / 2 Av,EL267,2nd Ave & 72 St (SE corner) to Lower Mezzanine for service in both directions,MN,Q,EL,Y,Y,Q,['R570']
203,72 St / 2 Av,EL262,2nd Ave & 72 St (SE corner) to Lower Mezzanine for service in both directions,MN,Q,EL,Y,Y,Q,['R570']
204,72 St / 2 Av,ES291,Basement entrance to Street,MN,Q,ES,N,Y,Q,['R570']
205,72 St / 2 Av,EL259,Lower Mezzanine to Platform for service in both directions,MN,Q,EL,Y,Y,Q,['R570']
206,72 St / 2 Av,ES288,Mezzanine to basement entrance,MN,Q,ES,N,Y,Q,['R570']
207,72 St / 2 Av,ES289,Mezzanine to basement entrance,MN,Q,ES,N,Y,Q,['R570']
208,72 St / 2 Av,ES290,Mezzanine to basement entrance,MN,Q,ES,N,Y,Q,['R570']
209,72 St / 2 Av,ES294,Mezzanine to Street,MN,Q,ES,N,Y,Q,['R570']
210,72 St / 2 Av,ES296,Mezzanine to Street,MN,Q,ES,N,Y,Q,['R570']
211,72 St / 2 Av,ES295,Mezzanine to Street,MN,Q,ES,N,Y,Q,['R570']
212,72 St / 2 Av,ES287,Platform to Mezzanine,MN,Q,ES,N,Y,Q,['R570']
213,72 St / 2 Av,ES286,Platform to Mezzanine,MN,Q,ES,N,Y,Q,['R570']
214,72 St / 2 Av,ES285,Platform to Mezzanine,MN,Q,ES,N,Y,Q,['R570']
215,74 St - Broadway / Roosevelt Av,EL423,Mezzanine to Platform for Manhattan bound 7 line service,QNS,7/E/F/M/R,EL,Y,Y,7-E-F-M-R,['R018']
216,8 Av,EL753,Street to Northbound N Platform,BKN,N,EL,N,Y,N,['R390']
217,8 Av - 14 St,EL224,Mezzanine to Platform for L service in both directions,MN,A/C/E/L,EL,Y,Y,A-C-E-L,['R175']
218,86 St,EL273,Street to # 6 Northbound platform,MN,4/5/6,EL,Y,Y,4-5-6,['R179']
219,86 St,EL275,Unassigned,MN,4/5/6,EL,Y,N,4-5-6,['R179']
220,86 St,EL274,Unassigned,MN,4/5/6,EL,Y,N,4-5-6,['R179']
221,86 St / 2 Av,EL250,86 St & 2nd Ave (SW corner)  to Mezzanine for service in both directions,MN,Q,EL,Y,Y,Q,['R571']
222,86 St / 2 Av,ES279,Mezzanine to mid landing entrance,MN,Q,ES,N,Y,Q,['R571']
223,86 St / 2 Av,ES280,Mezzanine to mid landing entrance,MN,Q,ES,N,Y,Q,['R571']
224,86 St / 2 Av,ES281,Mezzanine to mid landing entrance,MN,Q,ES,N,Y,Q,['R571']
225,86 St / 2 Av,EL249,Mezzanine to Platform for service in both directions,MN,Q,EL,Y,Y,Q,['R571']
226,86 St / 2 Av,ES276,Mezzanine to Street,MN,Q,ES,N,Y,Q,['R571']
227,86 St / 2 Av,ES278,Mezzanine to Street entrance,MN,Q,ES,N,Y,Q,['R571']
228,86 St / 2 Av,ES277,Mezzanine to Street entrance,MN,Q,ES,N,Y,Q,['R571']
229,86 St / 2 Av,ES283,Mid landing entrance to Street,MN,Q,ES,N,Y,Q,['R571']
230,86 St / 2 Av,ES284,Mid landing entrance to Street,MN,Q,ES,N,Y,Q,['R571']
231,86 St / 2 Av,ES282,Mid landing entrance to Street,MN,Q,ES,N,Y,Q,['R571']
232,86 St / 2 Av,ES297,Mid landing entrance to Street entrance,MN,Q,ES,N,Y,Q,['R571']
233,86 St / 2 Av,ES275,Platform to Mezzanine,MN,Q,ES,N,Y,Q,['R571']
234,86 St / 2 Av,ES274,Platform to Mezzanine,MN,Q,ES,N,Y,Q,['R571']
235,86 St / 2 Av,ES273,Platform to Mezzanine,MN,Q,ES,N,Y,Q,['R571']
236,96 St,EL146,Street to Northbound platform,MN,1/2/3,EL,Y,Y,1-2-3,['R168']
237,96 St,EL145,Street to Southbound platform,MN,1/2/3,EL,Y,Y,1-2-3,['R168']
238,96 St / 2 Av,EL248,95 St & 2nd Ave entrance (SW corner) to Mezzanine for downtown service,MN,Q,EL,Y,Y,Q,['R572']
239,96 St / 2 Av,EL247,Mezzanine to downtown Platform,MN,Q,EL,Y,Y,Q,['R572']
240,96 St / 2 Av,ES270,Mezzanine to Street level,MN,Q,ES,N,Y,Q,['R572']
241,96 St / 2 Av,ES260,Mezzanine to Street level,MN,Q,ES,N,Y,Q,['R572']
242,96 St / 2 Av,ES272,Mezzanine to Street level,MN,Q,ES,N,Y,Q,['R572']
243,96 St / 2 Av,ES259,Mezzanine to Street level,MN,Q,ES,N,Y,Q,['R572']
244,96 St / 2 Av,ES271,Mezzanine to Street level,MN,Q,ES,N,Y,Q,['R572']
245,96 St / 2 Av,ES247,Mezzanine to Street level s-w,MN,Q,ES,N,Y,Q,['R572']
246,96 St / 2 Av,ES220,Platform to Mezzanine,MN,Q,ES,N,Y,Q,['R572']
247,96 St / 2 Av,ES200,Platform to Mezzanine,MN,Q,ES,N,Y,Q,['R572']
248,96 St / 2 Av,ES202,Platform to Mezzanine,MN,Q,ES,N,Y,Q,['R572']
249,Aqueduct Racetrack,EL489X,Sidewalk entrance (east of the pedestrian skybridge) to Manhattan bound Platform,QNS,A,EL,Y,Y,A,['R464']
250,Atlantic Av-Barclays Ctr,EL301,4th Ave and Pacific St (NE corner) to Mezzanine for D/N/R service in both directions and access to rest of complex,BKN,D/N/R,EL,Y,Y,D-N-R,['R057']
251,Atlantic Av-Barclays Ctr,EL737X,Hansen St entrance to Manhattan bound 2/3 Platform and access to rest of complex,BKN,2/3/4/5/B/Q/LIRR,EL,Y,Y,2-3-4-5-B-Q,['R057']
252,Atlantic Av-Barclays Ctr,EL300X,"Hanson Pl to Manhattan bound 2/3 Platform, LIRR and access to rest of complex",BKN,2/3/4/5/B/Q/LIRR,EL,Y,Y,2-3-4-5-B-Q,['R057']
253,Atlantic Av-Barclays Ctr,ES358X,Lower Mezzanine to Street,BKN,2/3/4/5/B/Q/LIRR,ES,N,Y,2-3-4-5-B-Q,['R057']
254,Atlantic Av-Barclays Ctr,ES310,Lower Mezzanine to Upper Mezzanine,BKN,2/3/4/5/B/Q/LIRR,ES,N,Y,2-3-4-5-B-Q,['R057']
255,Atlantic Av-Barclays Ctr,EL306,Manhattan bound 2/3 Platform to Lower Mezzanine for access to rest of complex,BKN,2/3/4/5/B/Q/LIRR,EL,Y,Y,2-3-4-5-B-Q,['R057']
256,Atlantic Av-Barclays Ctr,EL303,Mezzanine at the 4th Ave & Pacific St end of the LIRR complex passageway and Manhattan bound D/N/R Platform,BKN,D/N/R,EL,Y,Y,D-N-R,['R057']
257,Atlantic Av-Barclays Ctr,EL304,Mezzanine below 4th Ave & Pacific St (from which Southbound 2/3 is accessible) and Lower Mezzanine for connection to D/N/R service and access to rest of complex,BKN,2/3/4/5/B/Q/LIRR,EL,Y,Y,2-3-4-5-B-Q,['R057']
258,Atlantic Av-Barclays Ctr,EL305,Mezzanine to 4/5 Platform for service in both directions,BKN,2/3/4/5/B/Q/LIRR,EL,Y,Y,2-3-4-5-B-Q,['R057']
259,Atlantic Av-Barclays Ctr,EL307,Mezzanine to B/Q Platform for service in both directions,BKN,2/3/4/5/B/Q/LIRR,EL,Y,Y,2-3-4-5-B-Q,['R057']
260,Atlantic Av-Barclays Ctr,EL302,Mezzanine to D/N/R Coney Island and Bay Ridge bound Platform,BKN,D/N/R,EL,Y,Y,D-N-R,['R057']
261,Atlantic Av-Barclays Ctr,EL700X,Plaza entrance in front of Barclays Center to accessible passageway leading to Manhattan bound 2/3 Platform and rest of complex,BKN,2/3/4/5/B/Q/LIRR,EL,Y,Y,2-3-4-5-B-Q,['R057']
262,Atlantic Av-Barclays Ctr,ES359X,Street to Mezzanine,BKN,2/3/4/5/B/Q/LIRR,ES,N,Y,2-3-4-5-B-Q,['R057']
263,Bay Parkway,EL376,Bay Pkwy & 86 St (NW corner) to Mezzanine for service in both directions,BKN,D,EL,Y,Y,D,['R374']
264,Bay Parkway,EL378,Mezzanine to Coney Island bound Platform,BKN,D,EL,Y,Y,D,['R374']
265,Bay Parkway,EL377,Mezzanine to Manhattan bound Platform,BKN,D,EL,Y,Y,D,['R374']
266,Bedford Park Blvd/Grand Concourse Line,EL501,Mezzanine Northbound Platform,BX,D/B,EL,Y,N,D-B,['R156']
267,Bedford Park Blvd/Grand Concourse Line,EL502,Mezzanine Southbound Platform,BX,D/B,EL,Y,N,D-B,['R156']
268,Bedford Park Blvd/Grand Concourse Line,EL500,Mezzanine to Street,BX,D/B,EL,Y,N,D-B,['R156']
269,Borough Hall,EL317,Court St & Montague St (on plaza) to Mezzanine for service in both directions,BKN,2/3/4/5,EL,Y,Y,2-3-4-5,['R108']
270,Borough Hall,EL318,Mezzanine to 2/3 Platform for service in both directions and uptown 4/5,BKN,2/3/4/5,EL,Y,Y,2-3-4-5,['R108']
271,Borough Hall,ES303,Southbound Platform to Mezzanine,BKN,2/3/4/5,ES,N,Y,2-3-4-5,['R108']
272,Bowery,ES334,Center Island Platform to Mezzanine,MN,J/Z,ES,N,Y,J-Z,['R311']
273,Bowling Green,EL711,Lower Mezzanine to downtown Platform,MN,4/5,EL,Y,Y,4-5,"['R041', 'R042']"
274,Bowling Green,ES341,Lower Mezzanine to Northbound Platform,MN,4/5,ES,N,Y,4-5,"['R041', 'R042']"
275,Bowling Green,ES340,Lower Mezzanine to Northbound Platform,MN,4/5,ES,N,Y,4-5,"['R041', 'R042']"
276,Bowling Green,ES343,Lower Mezzanine to Southbound Platform,MN,4/5,ES,N,Y,4-5,"['R041', 'R042']"
277,Bowling Green,ES342,Lower Mezzanine to Southbound Platform,MN,4/5,ES,N,Y,4-5,"['R041', 'R042']"
278,Bowling Green,ES337,Lower Mezzanine to Upper Mezzanine,MN,4/5,ES,N,Y,4-5,"['R041', 'R042']"
279,Bowling Green,ES339,Lower Mezzanine to Upper Mezzanine,MN,4/5,ES,N,Y,4-5,"['R041', 'R042']"
280,Bowling Green,ES338,Lower Mezzanine to Upper Mezzanine,MN,4/5,ES,N,Y,4-5,"['R041', 'R042']"
281,Bowling Green,ES336,Lower Mezzanine to Upper Mezzanine,MN,4/5,ES,N,Y,4-5,"['R041', 'R042']"
282,Bowling Green,EL710,Plaza south of Bowling Green Park for service in both directions,MN,4/5,EL,Y,Y,4-5,"['R041', 'R042']"
283,Bowling Green,ES345,Upper Mezzanine to Street,MN,4/5,ES,N,Y,4-5,"['R041', 'R042']"
284,Briarwood/Van Wyck Blvd,EL424,Queens Blvd & Main St (NE corner) to Mezzanine passageway,QNS,E/F,EL,N,Y,E-F,['R255']
285,Brighton Beach,ES346,Street to Mezzanine,BKN,B/Q,ES,N,Y,B-Q,['R172']
286,Broadway Junction,ES347,Street to Upper Mezzanine,BKN,A/C/J/L/Z/LIRR,ES,N,Y,A-C-J-L-Z,['R125']
287,Broadway Junction,ES331,Street to Upper Mezzanine,BKN,A/C/J/L/Z/LIRR,ES,N,Y,A-C-J-L-Z,['R125']
288,Broadway Junction,ES330,Street to Upper Mezzanine,BKN,A/C/J/L/Z/LIRR,ES,N,Y,A-C-J-L-Z,['R125']
289,Broadway-Lafayette/Bleecker St,EL330,Downtown 6 Platform to downtown B/D/F/M Platform,MN,B/D/F/M/6,EL,Y,Y,B-D-F-M-6,['R461']
290,Broadway-Lafayette/Bleecker St,EL329,Downtown 6 Platform to uptown B/D/F/M Platform,MN,B/D/F/M/6,EL,Y,Y,B-D-F-M-6,['R461']
291,Broadway-Lafayette/Bleecker St,EL328,Houston St & Lafayette St (NW corner) to downtown 6 Platform and access to rest of complex,MN,B/D/F/M/6,EL,Y,Y,B-D-F-M-6,['R461']
292,Broadway-Lafayette/Bleecker St,ES300,Northbound Platform to Mezzanine,MN,B/D/F/M/6,ES,N,Y,B-D-F-M-6,['R461']
293,Broadway-Lafayette/Bleecker St,EL331,Uptown 6 Platform and uptown B/D/F/M Platform,MN,B/D/F/M/6,EL,Y,Y,B-D-F-M-6,['R461']
294,Broadway-Lafayette/Bleecker St,EL332,Uptown 6 Platform to downtown B/D/F/M Platform,MN,B/D/F/M/6,EL,Y,Y,B-D-F-M-6,['R461']
295,Brooklyn Bridge - City Hall,EL315,Mezzanine to downtown Platform,MN,4/5/6,EL,Y,Y,4-5-6,['R044']
296,Brooklyn Bridge - City Hall,EL316,Mezzanine to uptown Platform,MN,4/5/6,EL,Y,Y,4-5-6,['R044']
297,Brooklyn Bridge - City Hall,EL314,Plaza on east side of City Hall (opposite Brooklyn Bridge walkway) to Mezzanine for service in both directions,MN,4/5/6,EL,Y,Y,4-5-6,['R044']
298,Canal St,EL324,Canal St & Lafayette St (NW corner) to uptown Platform,MN,6,EL,Y,Y,6,"['R118', 'R462', 'R463']"
299,Canal St,EL325,Street-level entrance (down the block from NE corner of Canal St & Lafayette St) to downtown 6 Platform,MN,6,EL,Y,Y,6,"['R118', 'R462', 'R463']"
300,Chambers St,EL337,Mezzanine and to uptown Platform,MN,1/2/3,EL,Y,Y,1-2-3,"['R030', 'R029']"
301,Chambers St,EL742,Mezzanine Northbound Platform,MN,J/Z,EL,Y,N,J-Z,['R044']
302,Chambers St,EL743,Mezzanine Southbound Platform,MN,J/Z,EL,Y,N,J-Z,['R044']
303,Chambers St,EL338,Mezzanine to downtown Platform,MN,1/2/3,EL,Y,Y,1-2-3,"['R030', 'R029']"
304,Chambers St,EL336,West Broadway & Chambers St (NW corner) to Mezzanine for service in both directions,MN,1/2/3,EL,Y,Y,1-2-3,"['R030', 'R029']"
305,Church Av,EL373,Church Ave & McDonald Ave (NW corner) to Mezzanine for service in both directions,BKN,F/G,EL,Y,Y,F-G,['R204']
306,Church Av,EL375,Mezzanine to Coney Island bound Platform,BKN,F/G,EL,Y,Y,F-G,['R204']
307,Church Av,EL374,Mezzanine to Platform for Manhattan bound service,BKN,F/G,EL,Y,Y,F-G,['R204']
308,Church Av,EL320,Nostrand Ave & Church Ave (SE corner) to Manhattan bound Platform,BKN,2/5,EL,Y,Y,2-5,['R109']
309,Church Av,EL321,Nostrand Ave & Church Ave (SW corner) to Flatbush Av Brooklyn College bound Platform,BKN,2/5,EL,Y,Y,2-5,['R109']
310,Clark St,EL310,Lower Mezzanine to street-level Arcade at Clark St & Henry St,BKN,2/3,EL,N,Y,2-3,['R224']
311,Clark St,EL311,Lower Mezzanine to street-level Arcade at Clark St & Henry St,BKN,2/3,EL,N,Y,2-3,['R224']
312,Clark St,EL312,Lower Mezzanine to street-level Arcade at Clark St & Henry St,BKN,2/3,EL,N,Y,2-3,['R224']
313,Coney Island Stillwell Av,EL702,ADA access to the N line Platform in combination with EL701 and a crossover bridge over the tracks,BKN,D/F/N/Q,EL,Y,Y,D-F-N-Q,['R151']
314,Coney Island Stillwell Av,EL701,ADA access to the N line Platform in combination with EL702 and a crossover bridge over the tracks,BKN,D/F/N/Q,EL,Y,Y,D-F-N-Q,['R151']
315,Cortlandt St,EL18X,Church St to Mezzanine for R/W service,MN,R/W,EL,Y,Y,R-W,['R088']
316,Cortlandt St,EL22X,Church St. to South Concourse balcony,MN,R/W,EL,Y,Y,R-W,['R088']
317,Cortlandt St,EL14X,"Greenwich St. to Oculus Balcony with access to R, W train service at Cortlandt St Station",MN,R/W,EL,Y,Y,R-W,['R088']
318,Cortlandt St,EL16X,Mezzanine of eastern end of World Trade Center concourse to downtown R/W Platform and access to rest of complex,MN,R/W,EL,Y,Y,R-W,['R088']
319,Cortlandt St,EL726X,Mezzanine of eastern end of World Trade Center concourse to downtown R/W Platform and access to rest of complex,MN,R/W,EL,Y,Y,R-W,['R088']
320,Cortlandt St,EL727X,Mezzanine of eastern end of World Trade Center concourse to uptown R/W Platform and access to rest of complex,MN,R/W,EL,Y,Y,R-W,['R088']
321,Cortlandt St,EL17X,Oculus Main Level to Mezzanine for R/W service,MN,R/W,EL,Y,Y,R-W,['R088']
322,Cortlandt St,ES380X,Street to Mezzanine,MN,R/W,ES,N,Y,R-W,['R088']
323,Court Square,EL447,7 train Mezzanine to Manhattan-bound bound 7 Platform,QNS,G/7,EL,Y,Y,G-7,"['R359', 'R346']"
324,Court Square,EL445X,G and 7 Mezzanines to Flushing-bound 7 Platform,QNS,G/7,EL,Y,Y,G-7,"['R359', 'R346']"
325,Court Square,EL446,Jackson Ave & 23 St (NE corner) to Mezzanine for service in both directions,QNS,G/7,EL,Y,Y,G-7,"['R359', 'R346']"
326,Court Square,ES461X,Street to Mezzanine,QNS,G/7,ES,N,Y,G-7,"['R359', 'R346']"
327,Court Square,ES462X,Street to Mezzanine,QNS,G/7,ES,N,Y,G-7,"['R359', 'R346']"
328,Court Square,ES265X,Street to Mezzanine passageway to E/G/M,QNS,G/7,ES,N,Y,G-7,"['R359', 'R346']"
329,Court Square,ES266X,Street to Mezzanine passageway to E/G/M,QNS,G/7,ES,N,Y,G-7,"['R359', 'R346']"
330,Court Square - 23 St,PW401,Passageway transfer,QNS,E/M,PW,N,N,E-M,['R359']
331,Court Square - 23 St,PW402,Passageway transfer,QNS,E/M,PW,N,N,E-M,['R359']
332,Court St,EL308,Lower Mezzanine above R line to Upper Mezzanine (below Clinton St & Montague St),BKN,R,EL,N,Y,R,['R108']
333,Court St,EL309,Lower Mezzanine above R line to Upper Mezzanine (below Clinton St & Montague St),BKN,R,EL,N,Y,R,['R108']
334,Court St,ES305,Lower Mezzanine to Upper Mezzanine,BKN,R,ES,N,Y,R,['R108']
335,Court St,ES306,Lower Mezzanine to Upper Mezzanine,BKN,R,ES,N,Y,R,['R108']
336,Crown Hts - Utica Av,EL323,Mezzanine (of eastern entrance near Utica Ave) to Platform for service in both directions,BKN,3/4,EL,Y,Y,3-4,['R062']
337,Crown Hts - Utica Av,EL322,Utica Ave & Eastern Pkwy to Mezzanine for service in both directions,BKN,3/4,EL,Y,Y,3-4,['R062']
338,Dekalb Av,EL370,Dekalb Ave & Flatbush Ave (SW corner) and Mezzanine to reach service in both directions,BKN,B/Q/R,EL,Y,Y,B-Q-R,['R099']
339,Dekalb Av,EL372,"Mezzanine to Brighton Beach, Coney Island, Bay Ridge bound Platform",BKN,B/Q/R,EL,Y,Y,B-Q-R,['R099']
340,Dekalb Av,EL371,Mezzanine to Manhattan bound Platform,BKN,B/Q/R,EL,Y,Y,B-Q-R,['R099']
341,Dekalb Av,ES309,Northbound Platform to Mezzanine,BKN,B/Q/R,ES,N,Y,B-Q-R,['R099']
342,Dekalb Av,ES308,Southbound Platform to Mezzanine,BKN,B/Q/R,ES,N,Y,B-Q-R,['R099']
343,Delancey St Essex St,ES327,Mezzanine to Street,MN,F/J/M/Z,ES,N,Y,F-J-M-Z,['R142']
344,Delancey St Essex St,ES328,Northbound Platform to Street,MN,F/J/M/Z,ES,N,Y,F-J-M-Z,['R142']
345,Dyckman St,EL178,Nagle Ave & Dyckman St to downtown Platform,MN,1,EL,Y,Y,1,['R036']
346,East 180 St,EL160,Morris Park Ave & E 180 St to downtown Platform,BX,2/5,EL,Y,Y,2-5,['R388']
347,East 180 St,EL159,Morris Park Ave & E 180 St to uptown Platform,BX,2/5,EL,Y,Y,2-5,['R388']
348,East Broadway,ES329,Center Island Platform to Mezzanine,MN,F,ES,N,Y,F,['R257']
349,Euclid Av,EL341,Euclid Ave & Pitkin Ave (NE corner) to Mezzanine for service in both directions,BKN,A/C,EL,Y,Y,A-C,['R200']
350,Euclid Av,EL343,Mezzanine to downtown Platform,BKN,A/C,EL,Y,Y,A-C,['R200']
351,Euclid Av,EL342,Mezzanine to uptown Platform,BKN,A/C,EL,Y,Y,A-C,['R200']
352,Far Rockaway - Mott Av,EL498,Beach 22nd & Mott Ave to Platform for all service,QNS,A,EL,Y,Y,A,['R285']
353,Far Rockaway - Mott Av,EL497,Beach 22nd & Mott Ave to Platform for all service,QNS,A,EL,Y,Y,A,['R285']
354,Flatbush Av Brooklyn College,EL319,Nostrand Ave & Flatbush Ave (SE corner) to Platform for service in both directions,BKN,2/5,EL,Y,Y,2-5,['R110']
355,Flushing Av,EL393,Flushing Ave & Broadway (SE corner)  to Mezzanine for service in both directions,BKN,J/M,EL,Y,Y,J-M,['R377']
356,Flushing Av,EL395,Mezzanine to Jamaica Center bound Platform,BKN,J/M,EL,Y,Y,J-M,['R377']
357,Flushing Av,EL394,Mezzanine to Manhattan bound Platform,BKN,J/M,EL,Y,Y,J-M,['R377']
358,Flushing Main St,EL414,Entrance east of Main St & Roosevelt Ave to Platform for service in both directions,QNS,7,EL,Y,Y,7,['R055']
359,Flushing Main St,ES457,Street to Mezzanine,QNS,7,ES,N,Y,7,['R055']
360,Flushing Main St,ES456,Street to Mezzanine,QNS,7,ES,N,Y,7,['R055']
361,Flushing Main St,ES455,Street to Mezzanine,QNS,7,ES,N,Y,7,['R055']
362,Fordham Rd,EL186,Jerome Ave & Fordham Rd (SE corner) to Mezzanine for service in both directions,BX,4,EL,Y,Y,4,['R119']
363,Fordham Rd,EL188,Mezzanine to downtown Platform,BX,4,EL,Y,Y,4,['R119']
364,Fordham Rd,EL187,Mezzanine to uptown Platform,BX,4,EL,Y,Y,4,['R119']
365,Forest Hills - 71 Av,EL438,Mezzanine to Jamaica bound Platform,QNS,E/F/R/M/LIRR,EL,Y,Y,E-F-R-M,['R141']
366,Forest Hills - 71 Av,EL439,Mezzanine to Manhattan bound Platform,QNS,E/F/R/M/LIRR,EL,Y,Y,E-F-R-M,['R141']
367,Forest Hills - 71 Av,EL437,South side of Queens Blvd (between 70 Rd & 71 Ave) for Mezzanine for service in both directions,QNS,E/F/R/M/LIRR,EL,Y,Y,E-F-R-M,['R141']
368,Franklin Av,EL340,Fulton St & Franklin Ave (NW corner) to footbridge for uptown C service and Shuttle and to downtown C Platform,BKN,C/S,EL,Y,Y,C-S,['R297']
369,Franklin Av,EL339,Fulton St & Franklin Ave (SW corner) to transfer to Shuttle and for footbridge to reach downtown C service,BKN,C/S,EL,Y,Y,C-S,['R297']
370,Franklin Av,ES352,Lower Mezzanine to Platform,BKN,C/S,ES,N,Y,C-S,['R297']
371,Fulton St,ES377X,33 Maiden Lane to passageway,MN,J/Z,ES,N,Y,J-Z,"['R002', 'R028', 'R014']"
372,Fulton St,ES376X,33 Maiden Lane to passageway,MN,J/Z,ES,N,Y,J-Z,"['R002', 'R028', 'R014']"
373,Fulton St,ES365X,Corbin building,MN,A/C/J/Z/2/3/4/5,ES,N,Y,A-C-J-Z-2-3-4-5,"['R002', 'R028', 'R014']"
374,Fulton St,ES366X,Corbin building,MN,A/C/J/Z/2/3/4/5,ES,N,Y,A-C-J-Z-2-3-4-5,"['R002', 'R028', 'R014']"
375,Fulton St,EL728X,Dey St & Broadway (SW corner) to downtown 4/5 Platform and access to rest of complex,MN,4/5,EL,Y,Y,4-5,"['R002', 'R028', 'R014']"
376,Fulton St,EL718X,Entrance in Transit Center building (near Broadway & John St) to uptown 4/5 Platform and access to rest of complex,MN,A/C/J/Z/2/3/4/5,EL,Y,Y,A-C-J-Z-2-3-4-5,"['R002', 'R028', 'R014']"
377,Fulton St,EL717X,Entrance in Transit Center building (near Broadway & John St) to uptown 4/5 Platform and access to rest of complex,MN,A/C/J/Z/2/3/4/5,EL,Y,Y,A-C-J-Z-2-3-4-5,"['R002', 'R028', 'R014']"
378,Fulton St,EL723,"Fulton St & William St (SW corner) to Mezzanine for service in both directions on 2/3, A/C and all lines",MN,2/3,EL,Y,Y,2-3,"['R002', 'R028', 'R014']"
379,Fulton St,ES364,Lower Mezzanine to Southbound Platform,MN,A/C/J/Z/2/3/4/5,ES,N,Y,A-C-J-Z-2-3-4-5,"['R002', 'R028', 'R014']"
380,Fulton St,ES367,Lower Mezzanine to Upper Mezzanine,MN,A/C/J/Z/2/3/4/5,ES,N,Y,A-C-J-Z-2-3-4-5,"['R002', 'R028', 'R014']"
381,Fulton St,ES368,Lower Mezzanine to Upper Mezzanine,MN,A/C/J/Z/2/3/4/5,ES,N,Y,A-C-J-Z-2-3-4-5,"['R002', 'R028', 'R014']"
382,Fulton St,EL719,Mezzanine (below Nassau St at level of downtown J/Z) to A/C Platform for service in both directions and access to rest of complex,MN,A/C/J/Z/2/3/4/5,EL,Y,Y,A-C-J-Z-2-3-4-5,"['R002', 'R028', 'R014']"
383,Fulton St,EL721,Mezzanine and A/C Platforms and downtown J/Z service and access to rest of complex,MN,A/C/J/Z/2/3/4/5,EL,Y,Y,A-C-J-Z-2-3-4-5,"['R002', 'R028', 'R014']"
384,Fulton St,EL732,Mezzanine to 2/3 Platform for service in both directions,MN,2/3,EL,Y,Y,2-3,"['R002', 'R028', 'R014']"
385,Fulton St,EL729X,Mezzanine to downntown 4/5 Platform and access to rest of complex,MN,4/5,EL,Y,Y,4-5,"['R002', 'R028', 'R014']"
386,Fulton St,EL716,Mezzanine to Platforms for uptown 4/5 and J/Z service and access to rest of complex,MN,4/5,EL,Y,Y,4-5,"['R002', 'R028', 'R014']"
387,Fulton St,EL720,Mezzanine to uptown J/Z Platform to A/C Platform access to rest of complex,MN,A/C/J/Z/2/3/4/5,EL,Y,Y,A-C-J-Z-2-3-4-5,"['R002', 'R028', 'R014']"
388,Fulton St,EL733X,Street-level of Transit Center to Upper retail floors,MN,A/C/J/Z/2/3/4/5,EL,N,Y,A-C-J-Z-2-3-4-5,"['R002', 'R028', 'R014']"
389,Fulton St,ES360X,Transit Center,MN,A/C/J/Z/2/3/4/5,ES,N,Y,A-C-J-Z-2-3-4-5,"['R002', 'R028', 'R014']"
390,Fulton St,ES362X,Transit Center,MN,A/C/J/Z/2/3/4/5,ES,N,Y,A-C-J-Z-2-3-4-5,"['R002', 'R028', 'R014']"
391,Fulton St,ES361X,Transit Center,MN,A/C/J/Z/2/3/4/5,ES,N,Y,A-C-J-Z-2-3-4-5,"['R002', 'R028', 'R014']"
392,Fulton St,ES363X,Transit Center,MN,A/C/J/Z/2/3/4/5,ES,N,Y,A-C-J-Z-2-3-4-5,"['R002', 'R028', 'R014']"
393,Fulton St,ES383X,Transit Center,MN,A/C/J/Z/2/3/4/5,ES,N,Y,A-C-J-Z-2-3-4-5,"['R002', 'R028', 'R014']"
394,Fulton St,EL722,Upper Mezzanine to Street,MN,J/Z,EL,Y,Y,J-Z,"['R002', 'R028', 'R014']"
395,Gun Hill Rd,EL183,Gun Hill Rd to downtown Platform,BX,2/5,EL,Y,Y,2-5,"['R226', 'R364']"
396,Gun Hill Rd,EL182,Gun Hill Rd to uptown Platform,BX,2/5,EL,Y,Y,2-5,"['R226', 'R364']"
397,Gun Hill Rd,ES105,Street to Mezzanine,BX,2/5,ES,N,Y,2-5,"['R226', 'R364']"
398,Gun Hill Rd,ES104,Street to Mezzanine,BX,2/5,ES,N,Y,2-5,"['R226', 'R364']"
399,High St,ES323,Lower Mezzanine to Upper Mezzanine,BKN,A/C,ES,N,Y,A-C,['R252']
400,High St,ES324,Lower Mezzanine to Upper Mezzanine,BKN,A/C,ES,N,Y,A-C,['R252']
401,High St,ES321,Lower Mezzanine to Upper Mezzanine,BKN,A/C,ES,N,Y,A-C,['R252']
402,High St,ES350,Lower Mezzanine to Upper Mezzanine,BKN,A/C,ES,N,Y,A-C,['R252']
403,High St,ES322,Lower Mezzanine to Upper Mezzanine,BKN,A/C,ES,N,Y,A-C,['R252']
404,Howard Beach,EL491X,Colman Square entrance to Mezzanine for service in both directions,QNS,A,EL,Y,Y,A,['R414']
405,Howard Beach,EL490X,Colman Square entrance to Mezzanine for service in both directions,QNS,A,EL,Y,Y,A,['R414']
406,Howard Beach,EL495X,Mezzanine and Platform for northbound service,QNS,A,EL,Y,Y,A,['R414']
407,Howard Beach,EL494X,Mezzanine and Platform for northbound service,QNS,A,EL,Y,Y,A,['R414']
408,Howard Beach,EL493X,Mezzanine and Platform for southbound service,QNS,A,EL,Y,Y,A,['R414']
409,Howard Beach,ES498X,Mezzanine to Air Train,QNS,A,ES,N,Y,A,['R414']
410,Howard Beach,ES497X,Mezzanine to Air Train,QNS,A,ES,N,Y,A,['R414']
411,Howard Beach,ES499X,Mezzanine to Air Train,QNS,A,ES,N,Y,A,['R414']
412,Howard Beach,ES496X,Mezzanine to Center Island Platform,QNS,A,ES,N,Y,A,['R414']
413,Howard Beach,EL492X,Mezzanine to Far Rockaway bound Platform,QNS,A,EL,Y,Y,A,['R414']
414,Hoyt Schermerhorn,EL747X,Street to Mezzanine,BKN,A/C/G,EL,N,Y,A-C-G,['R217']
415,Hunts Point,EL197,Mezzanine to Platform for downtown service,BX,6,EL,Y,Y,6,['R146']
416,Hunts Point,EL196,Mezzanine to uptown Platform,BX,6,EL,Y,Y,6,['R146']
417,Hunts Point,EL195,Station entrance on the Hunts Pt Ave side of traffic Island to Mezzanine for service in both directions,BX,6,EL,Y,Y,6,['R146']
418,Intervale Av,ES108,Street to Mezzanine,BX,2/5,ES,N,Y,2-5,['R407']
419,Jackson Hts - Roosevelt Av,ES449,Lower Mezzanine to Upper Mezzanine,QNS,E/F/M/R/7,ES,N,Y,E-F-M-R-7,['R018']
420,Jackson Hts - Roosevelt Av,ES453,Lower Mezzanine to Upper Mezzanine,QNS,E/F/M/R/7,ES,N,Y,E-F-M-R-7,['R018']
421,Jackson Hts - Roosevelt Av,ES452,Lower Mezzanine to Upper Mezzanine,QNS,E/F/M/R/7,ES,N,Y,E-F-M-R-7,['R018']
422,Jackson Hts - Roosevelt Av,ES451,Lower Mezzanine to Upper Mezzanine,QNS,E/F/M/R/7,ES,N,Y,E-F-M-R-7,['R018']
423,Jackson Hts - Roosevelt Av,ES450,Lower Mezzanine to Upper Mezzanine,QNS,E/F/M/R/7,ES,N,Y,E-F-M-R-7,['R018']
424,Jackson Hts - Roosevelt Av,EL422,Mezzanine to Platform for Forest Hills and Jamaica bound E/F/M/R service,QNS,E/F/M/R/7,EL,Y,Y,E-F-M-R-7,['R018']
425,Jackson Hts - Roosevelt Av,EL421,Mezzanine to Platform for Manhattan bound E/F/M/R service,QNS,E/F/M/R/7,EL,Y,Y,E-F-M-R-7,['R018']
426,Jackson Hts - Roosevelt Av,EL420,"Roosevelt Ave & 74 St (SE corner) to Mezzanine below 7 line (one level up), Platform of Flushing Main St bound 7 (two levels up) or Mezzanine of E/F/M/R (one level down) for service in both directions on both lines",QNS,E/F/M/R/7,EL,Y,Y,E-F-M-R-7,['R018']
427,Jamaica - Van Wyck,EL409,89 Ave & Van Wyck Expwy (SW corner) to Mezzanine for service in both directions,QNS,E,EL,Y,Y,E,['R342']
428,Jamaica - Van Wyck,ES429,Center Island Platform to Mezzanine,QNS,E,ES,N,Y,E,['R342']
429,Jamaica - Van Wyck,ES428,Center Island Platform to Mezzanine,QNS,E,ES,N,Y,E,['R342']
430,Jamaica - Van Wyck,EL408,Mezzanine to Platform for service in both directions,QNS,E,EL,Y,Y,E,['R342']
431,Jamaica - Van Wyck,ES427,Mezzanine to Street,QNS,E,ES,N,Y,E,['R342']
432,Jamaica - Van Wyck,ES431,Mezzanine to Street,QNS,E,ES,N,Y,E,['R342']
433,Jamaica - Van Wyck,ES430,Mezzanine to Street,QNS,E,ES,N,Y,E,['R342']
434,Jamaica Center Parsons/Archer,EL412,Archer Ave & Parsons Blvd (SW corner) to Mezzanine for service in both directions on both lines,QNS,E/J/Z,EL,Y,Y,E-J-Z,['R025']
435,Jamaica Center Parsons/Archer,ES445,Center Island Upper Platform to Mezzanine,QNS,E/J/Z,ES,N,Y,E-J-Z,['R025']
436,Jamaica Center Parsons/Archer,ES446,Center Island Upper Platform to Mezzanine,QNS,E/J/Z,ES,N,Y,E-J-Z,['R025']
437,Jamaica Center Parsons/Archer,ES443,Center Island Upper Platform to Mezzanine,QNS,E/J/Z,ES,N,Y,E-J-Z,['R025']
438,Jamaica Center Parsons/Archer,ES444,Center Island Upper Platform to Mezzanine,QNS,E/J/Z,ES,N,Y,E-J-Z,['R025']
439,Jamaica Center Parsons/Archer,ES441,Mezzanine to Platform,QNS,E/J/Z,ES,N,Y,E-J-Z,['R025']
440,Jamaica Center Parsons/Archer,EL413,Mezzanine to Platform for service on both lines,QNS,E/J/Z,EL,Y,Y,E-J-Z,['R025']
441,Jamaica Center Parsons/Archer,ES439,Mezzanine to Street,QNS,E/J/Z,ES,N,Y,E-J-Z,['R025']
442,Jamaica Center Parsons/Archer,ES438,Mezzanine to Street,QNS,E/J/Z,ES,N,Y,E-J-Z,['R025']
443,Jamaica Center Parsons/Archer,ES440,Mezzanine to Street,QNS,E/J/Z,ES,N,Y,E-J-Z,['R025']
444,Jamaica Center Parsons/Archer,ES442,Platform to Mezzanine,QNS,E/J/Z,ES,N,Y,E-J-Z,['R025']
445,Jamaica Center Parsons/Archer,ES447,Platform to Mezzanine,QNS,E/J/Z,ES,N,Y,E-J-Z,['R025']
446,Jay St - MetroTech,EL706,Jay St & Willoughby St (NW corner) to Mezzanine for service in both directions on both lines,BKN,A/C/F/R,EL,Y,Y,A-C-F-R,"['R089', 'R127']"
447,Jay St - MetroTech,ES356,Lower Mezzanine to Platform,BKN,A/C/F/R,ES,N,Y,A-C-F-R,"['R089', 'R127']"
448,Jay St - MetroTech,EL327X,Mezzanine above R line to SE corner of Bridge St & Willoughby St,BKN,A/C/F/R,EL,N,Y,A-C-F-R,"['R089', 'R127']"
449,Jay St - MetroTech,ES357,Mezzanine to Platform,BKN,A/C/F/R,ES,N,Y,A-C-F-R,"['R089', 'R127']"
450,Jay St - MetroTech,EL708,Mezzanine to Platform for Coney Island-bound F and Queens-bound A/C service,BKN,A/C/F/R,EL,Y,Y,A-C-F-R,"['R089', 'R127']"
451,Jay St - MetroTech,EL707,Mezzanine to Platform for Manhattan-bound A/C/F service,BKN,A/C/F/R,EL,Y,Y,A-C-F-R,"['R089', 'R127']"
452,Jay St - MetroTech,EL709,Mezzanine to R Platform service in both directions,BKN,A/C/F/R,EL,Y,Y,A-C-F-R,"['R089', 'R127']"
453,Jay St - MetroTech,ES320,Mezzanine to Street (north) Myrtle Ave,BKN,A/C/F/R,ES,N,N,A-C-F-R,"['R089', 'R127']"
454,Jay St - MetroTech,ES319,Mezzanine to Street (north) Myrtle Ave,BKN,A/C/F/R,ES,N,N,A-C-F-R,"['R089', 'R127']"
455,Jay St - MetroTech,ES317,Mezzanine to Street (south) Willoughby St,BKN,A/C/F/R,ES,N,Y,A-C-F-R,"['R089', 'R127']"
456,Jay St - MetroTech,ES318,Mezzanine to Street (south) Willoughby St,BKN,A/C/F/R,ES,N,Y,A-C-F-R,"['R089', 'R127']"
457,Jay St - MetroTech,ES307,Platform to Mezzanine,BKN,A/C/F/R,ES,N,N,A-C-F-R,"['R089', 'R127']"
458,Junction Blvd,EL427,Mezzanine to Flushing bound Platform,QNS,7,EL,Y,Y,7,['R097']
459,Junction Blvd,EL426,Mezzanine to Manhattan bound Platform,QNS,7,EL,Y,Y,7,['R097']
460,Junction Blvd,EL425,Roosevelt Ave & Junction Blvd (NE corner) to Mezzanine for service in both directions,QNS,7,EL,Y,Y,7,['R097']
461,Kew Gardens / Union Tpk,EL434,Kew Gardens Rd & Union Tpke (SW corner) to Mezzanine for service in both directions,QNS,E/F,EL,Y,Y,E-F,['R158']
462,Kew Gardens / Union Tpk,EL435,Mezzanine to Jamaica bound Platform,QNS,E/F,EL,Y,Y,E-F,['R158']
463,Kew Gardens / Union Tpk,EL436,Mezzanine to Manhattan bound Platform,QNS,E/F,EL,Y,Y,E-F,['R158']
464,Kings Highway,EL761,South side of Kings Hwy (west of 16 St) to Brighton Beach/Coney Island bound Platform,BKN,B/Q,EL,Y,Y,B-Q,['R211']
465,Kings Highway,EL760,South side of Kings Hwy (west of 16 St) to Manhattan bound Platform,BKN,B/Q,EL,Y,Y,B-Q,['R211']
466,Kingsbridge Road,EL189,Kingsbridge Rd & Grand Concourse (SE corner) to Mezzanine for service in both directions,BX,D/B,EL,Y,Y,D-B,['R155']
467,Kingsbridge Road,EL191,Mezzanine to downtown Platform,BX,D/B,EL,Y,Y,D-B,['R155']
468,Kingsbridge Road,EL190,Mezzanine to uptown Platform,BX,D/B,EL,Y,Y,D-B,['R155']
469,Lexington Av / 53 St,EL203X,53 St & Lexington Ave (SE corner) to Mezzanine for service in both directions on both lines,MN,E/M,EL,Y,Y,E-M,"['R017', 'R016']"
470,Lexington Av / 53 St,ES269,Center Island Platform to Mezzanine,MN,E/M,ES,N,Y,E-M,"['R017', 'R016']"
471,Lexington Av / 53 St,ES244,Center Island Platform to Mezzanine,MN,E/M,ES,N,Y,E-M,"['R017', 'R016']"
472,Lexington Av / 53 St,ES243,Center Island Platform to Mezzanine,MN,E/M,ES,N,Y,E-M,"['R017', 'R016']"
473,Lexington Av / 53 St,ES246,Center Island Platform to Mezzanine (3rd ave),MN,E/M,ES,N,Y,E-M,"['R017', 'R016']"
474,Lexington Av / 53 St,ES245,Center Island Platform to Mezzanine (3rd ave),MN,E/M,ES,N,Y,E-M,"['R017', 'R016']"
475,Lexington Av / 53 St,EL245,Mezzanine to E/M Platform for service in both directions,MN,E/M,EL,Y,Y,E-M,"['R017', 'R016']"
476,Lexington Av / 53 St,ES253X,Mezzanine to underpass 6 train downtown,MN,E/M,ES,N,Y,E-M,"['R017', 'R016']"
477,Lexington Av / 53 St,ES254X,Passageway Mezzanine to Platform,MN,E/M,ES,N,Y,E-M,"['R017', 'R016']"
478,Lexington Av / 53 St,ES600X,Street to Mezzanine to E/M,MN,E/M,ES,N,Y,E-M,"['R017', 'R016']"
479,Lexington Av / 53 St,ES245X,Three landings,MN,E/M,ES,N,N,E-M,"['R017', 'R016']"
480,Lexington Av / 59 St,ES249,Center Island Platform to Mezzanine (60st / 3rd ave),MN,N/R/W,ES,N,Y,N-R-W,"['R050', 'R051', 'R212']"
481,Lexington Av / 59 St,ES248,Center Island Platform to Mezzanine (60st / 3rd ave),MN,N/R/W,ES,N,Y,N-R-W,"['R050', 'R051', 'R212']"
482,Lexington Av / 59 St,ES215,Center Island Platform to Southbound Platform,MN,N/R/W,ES,N,Y,N-R-W,"['R050', 'R051', 'R212']"
483,Lexington Av / 63 St,EL444,3rd Ave & 63 St (NW corner) to Mezzanine for service in both directions,MN,F/Q,EL,Y,Y,F-Q,['R319']
484,Lexington Av / 63 St,EL401,Lexington Ave & 63 St (NW corner) to Mezzanine for service in both directions,MN,F/Q,EL,Y,Y,F-Q,['R319']
485,Lexington Av / 63 St,EL402,Lexington Ave entrance and F/Q Platform for service in both directions,MN,F/Q,EL,Y,Y,F-Q,['R319']
486,Lexington Av / 63 St,ES408,Lower Mezzanine to Northbound Platform,MN,F/Q,ES,N,Y,F-Q,['R319']
487,Lexington Av / 63 St,ES407,Lower Mezzanine to Northbound Platform,MN,F/Q,ES,N,Y,F-Q,['R319']
488,Lexington Av / 63 St,ES409,Lower Mezzanine to Southbound Platform,MN,F/Q,ES,N,Y,F-Q,['R319']
489,Lexington Av / 63 St,ES410,Lower Mezzanine to Southbound Platform,MN,F/Q,ES,N,Y,F-Q,['R319']
490,Lexington Av / 63 St,EL443,Mezzanine of 3rd Ave entrance to F/Q Platform for service in both directions,MN,F/Q,EL,Y,Y,F-Q,['R319']
491,Lexington Av / 63 St,EL442,Mezzanine of 3rd Ave entrance to F/Q Platform for service in both directions,MN,F/Q,EL,Y,Y,F-Q,['R319']
492,Lexington Av / 63 St,EL441,Mezzanine of 3rd Ave entrance to F/Q Platform for service in both directions,MN,F/Q,EL,Y,Y,F-Q,['R319']
493,Lexington Av / 63 St,EL440,Mezzanine of 3rd Ave entrance to F/Q Platform for service in both directions,MN,F/Q,EL,Y,Y,F-Q,['R319']
494,Lexington Av / 63 St,ES458,Mezzanine to Street,MN,F/Q,ES,N,Y,F-Q,['R319']
495,Lexington Av / 63 St,ES459,Mezzanine to Street,MN,F/Q,ES,N,Y,F-Q,['R319']
496,Lexington Av / 63 St,ES405,Middle Mezzanine to Lower Mezzanine,MN,F/Q,ES,N,Y,F-Q,['R319']
497,Lexington Av / 63 St,ES406,Middle Mezzanine to Lower Mezzanine,MN,F/Q,ES,N,Y,F-Q,['R319']
498,Lexington Av / 63 St,ES402,Street to Upper Mezzanine,MN,F/Q,ES,N,Y,F-Q,['R319']
499,Lexington Av / 63 St,ES401,Street to Upper Mezzanine,MN,F/Q,ES,N,Y,F-Q,['R319']
500,Lexington Av / 63 St,ES403,Upper Mezzanine to Middle Mezzanine,MN,F/Q,ES,N,Y,F-Q,['R319']
501,Lexington Av / 63 St,ES404,Upper Mezzanine to Middle Mezzanine,MN,F/Q,ES,N,Y,F-Q,['R319']
502,Marcy Av,EL391,Marcy Ave & Broadway (NW corner) to Jamaica Center bound Platform,BKN,J/M/Z,EL,Y,Y,J-M-Z,['R460']
503,Marcy Av,EL392,Marcy Ave & Broadway (SW corner) to Manhattan bound Platform,BKN,J/M/Z,EL,Y,Y,J-M-Z,['R460']
504,Myrtle Av / Wyckoff Av,EL396,Gates Ave & Wyckoff Ave (SE corner) to Mezzanine for service in both directions on all lines,BKN,L/M,EL,Y,Y,L-M,"['R137', 'R378']"
505,Myrtle Av / Wyckoff Av,ES333,Lower Mezzanine to Upper Mezzanine,BKN,L/M,ES,N,Y,L-M,"['R137', 'R378']"
506,Myrtle Av / Wyckoff Av,ES332,Lower Mezzanine to Upper Mezzanine,BKN,L/M,ES,N,Y,L-M,"['R137', 'R378']"
507,Myrtle Av / Wyckoff Av,EL397,Mezzanine to L Platform for service in both directions,BKN,L/M,EL,Y,Y,L-M,"['R137', 'R378']"
508,Myrtle Av / Wyckoff Av,EL398,Mezzanine to M Platform for service in both directions,BKN,L/M,EL,Y,Y,L-M,"['R137', 'R378']"
509,New Utrecht,EL740,Mezzanine to Northbound D Platform,BKN,D/N,EL,Y,Y,D-N,['R398']
510,New Utrecht,EL741,Mezzanine to Southbound D Platform,BKN,D/N,EL,Y,Y,D-N,['R398']
511,New Utrecht,EL738,Street to Northbound N Platform,BKN,D/N,EL,Y,Y,D-N,['R398']
512,New Utrecht,EL739,Street to Southbound N Platform and Mezzanine to D Train,BKN,D/N,EL,Y,Y,D-N,['R398']
513,Ozone Park / Lefferts Blvd,EL462,Lefferts Blvd & Liberty Ave to Mezzanine for service in both directions,QNS,A,EL,Y,Y,A,['R356']
514,Ozone Park / Lefferts Blvd,EL463,Mezzanine to Platform for service in both directions,QNS,A,EL,Y,Y,A,['R356']
515,Park Place,ES302,Center Island Platform to Mezzanine,MN,2/3,ES,N,Y,2-3,['R029']
516,Park Place,ES301,Center Island Platform to Mezzanine,MN,2/3,ES,N,Y,2-3,['R029']
517,Parkchester,ES111,Street to Center Island Platform,BX,6,ES,N,Y,6,['R222']
518,Pelham Bay Park,EL121,Amendola Plaza entrance (adjacent to Bruckner Expwy) to Mezzanine for Manhattan bound service,BX,6,EL,Y,Y,6,['R429']
519,Pelham Bay Park,ES121,Center Island Platform to Street,BX,6,ES,N,Y,6,['R429']
520,Pelham Bay Park,EL122,Mezzanine to Platform for Manhattan bound service,BX,6,EL,Y,Y,6,['R429']
521,Pelham Bay Park,ES120,Mezzanine to Street,BX,6,ES,N,Y,6,['R429']
522,Pelham Pkwy,EL137,Mezzanine to Platform for Manhattan bound service,BX,2/5,EL,Y,Y,2-5,"['R430', 'R361']"
523,Pelham Pkwy,EL138,Mezzanine to Platform for Wakefield 241 St bound service,BX,2/5,EL,Y,Y,2-5,"['R430', 'R361']"
524,Pelham Pkwy,ES123,Mezzanine to Southbound Platform,BX,2/5,ES,N,Y,2-5,"['R430', 'R361']"
525,Pelham Pkwy,ES122,Street to Mezzanine,BX,2/5,ES,N,Y,2-5,"['R430', 'R361']"
526,Pelham Pkwy,EL136,White Plains Rd & Pelham Pkwy South (SW corner) to Mezzanine to reach service in both directions,BX,2/5,EL,Y,Y,2-5,"['R430', 'R361']"
527,President St-Medgar Evers College,ES304,Center Island Platform to Mezzanine,BKN,2/5,ES,N,Y,2-5,['R277']
528,Prospect Park,EL383,"Lincoln Rd & Ocean Ave (NE corner) to Coney Island, Brighton Beach bound B/Q Platform",BKN,B/Q/S,EL,Y,Y,B-Q-S,['R196']
529,Prospect Park,EL382,Lincoln Rd & Ocean Ave (NE corner) to Manhattan bound B/Q Platform and Franklin Shuttle,BKN,B/Q/S,EL,Y,Y,B-Q-S,['R196']
530,Queens Plaza,EL430,"Mezzanine to Jamaica, Forest Hills bound Platform",QNS,E/R/M,EL,Y,Y,E-R-M,['R140']
531,Queens Plaza,EL429,Mezzanine to Manhattan bound Platform,QNS,E/R/M,EL,Y,Y,E-R-M,['R140']
532,Queens Plaza,EL428,Queens Plaza & Jackson Ave to Mezzanine  for service in both directions,QNS,E/R/M,EL,Y,Y,E-R-M,['R140']
533,Roosevelt Island,ES413,Center Mezzanine to Street,MN,F,ES,N,Y,F,['R259']
534,Roosevelt Island,ES412,Center Mezzanine to Street,MN,F,ES,N,Y,F,['R259']
535,Roosevelt Island,ES411,Center Mezzanine to Street,MN,F,ES,N,Y,F,['R259']
536,Roosevelt Island,ES415,Lower Mezzanine to Center Mezzanine,MN,F,ES,N,Y,F,['R259']
537,Roosevelt Island,ES414,Lower Mezzanine to Center Mezzanine,MN,F,ES,N,Y,F,['R259']
538,Roosevelt Island,ES416,Lower Mezzanine to Center Mezzanine,MN,F,ES,N,Y,F,['R259']
539,Roosevelt Island,ES417,Northbound Platform to Lower Mezzanine,MN,F,ES,N,Y,F,['R259']
540,Roosevelt Island,ES419,Northbound Platform to Lower Mezzanine,MN,F,ES,N,Y,F,['R259']
541,Roosevelt Island,ES420,Southbound Platform to Lower Mezzanine,MN,F,ES,N,Y,F,['R259']
542,Roosevelt Island,ES418,Southbound Platform to Lower Mezzanine,MN,F,ES,N,Y,F,['R259']
543,Roosevelt Island,EL404,Street-level entrance inside entrance on West Rd and Jamaica bound Platform,MN,F,EL,Y,Y,F,['R259']
544,Roosevelt Island,EL403,West Rd entrance to Platform for downtown and Brooklyn service,MN,F,EL,Y,Y,F,['R259']
545,Simpson St,EL128,Westchester Ave & Simpson St (NE corner) to Platform for Manhattan bound service,BX,2/5,EL,Y,Y,2-5,['R408']
546,Simpson St,EL127,Westchester Ave & Simpson St (SW corner) to Wakefield 241 St bound Platform,BX,2/5,EL,Y,Y,2-5,['R408']
547,Smith - 9 Sts,ES315,Lower Mezzanine to Upper Mezzanine,BKN,F/G,ES,N,Y,F-G,['R270']
548,Smith - 9 Sts,ES349,Lower Mezzanine to Upper Mezzanine,BKN,F/G,ES,N,Y,F-G,['R270']
549,Smith - 9 Sts,ES316,Lower Mezzanine to Upper Mezzanine,BKN,F/G,ES,N,Y,F-G,['R270']
550,Smith - 9 Sts,ES348,Street to Lower Mezzanine,BKN,F/G,ES,N,Y,F-G,['R270']
551,Smith - 9 Sts,ES314,Street to Lower Mezzanine,BKN,F/G,ES,N,Y,F-G,['R270']
552,Smith - 9 Sts,ES313,Street to Lower Mezzanine,BKN,F/G,ES,N,Y,F-G,['R270']
553,South Ferry,EL731,Mezzanine to Platform,MN,1,EL,Y,Y,1,['R001']
554,South Ferry,ES373,Mezzanine to Street,MN,1,ES,N,Y,1,['R001']
555,South Ferry,ES369,Mezzanine to Street,MN,1,ES,N,Y,1,['R001']
556,South Ferry,ES375,Mezzanine to Street,MN,1,ES,N,Y,1,['R001']
557,South Ferry,ES370,Mezzanine to Street,MN,1,ES,N,Y,1,['R001']
558,South Ferry,ES371,Platform to Mezzanine,MN,1,ES,N,Y,1,['R001']
559,South Ferry,ES372,Platform to Mezzanine,MN,1,ES,N,Y,1,['R001']
560,South Ferry,ES374,Platform to Mezzanine,MN,1,ES,N,Y,1,['R001']
561,South Ferry,EL730,Plaza in front of Staten Island Ferry Terminal (east side) to Mezzanine for uptown service,MN,1,EL,Y,Y,1,['R001']
562,Sutphin Blvd - Archer Av - JFK Airport,ES437,Center Island Lower Platform to Center Island Upper Platform,QNS,E/J/Z/LIRR,ES,N,Y,E-J-Z,['R024']
563,Sutphin Blvd - Archer Av - JFK Airport,ES436,Center Island Lower Platform to Center Island Upper Platform,QNS,E/J/Z/LIRR,ES,N,Y,E-J-Z,['R024']
564,Sutphin Blvd - Archer Av - JFK Airport,ES434,Center Island Upper Platform to Mezzanine,QNS,E/J/Z/LIRR,ES,N,Y,E-J-Z,['R024']
565,Sutphin Blvd - Archer Av - JFK Airport,ES435,Center Island Upper Platform to Mezzanine,QNS,E/J/Z/LIRR,ES,N,Y,E-J-Z,['R024']
566,Sutphin Blvd - Archer Av - JFK Airport,EL411,Mezzanine to Platform for service in both directions on both lines,QNS,E/J/Z/LIRR,EL,Y,Y,E-J-Z,['R024']
567,Sutphin Blvd - Archer Av - JFK Airport,ES464X,Street to LIRR to Air Train,QNS,E/J/Z/LIRR,ES,N,N,E-J-Z,['R024']
568,Sutphin Blvd - Archer Av - JFK Airport,ES463X,Street to LIRR to Air Train,QNS,E/J/Z/LIRR,ES,N,N,E-J-Z,['R024']
569,Sutphin Blvd - Archer Av - JFK Airport,ES449X,Street to Mezzanine,QNS,E/J/Z/LIRR,ES,N,N,E-J-Z,['R024']
570,Sutphin Blvd - Archer Av - JFK Airport,ES432X,Street to Mezzanine to E/J/Z,QNS,E/J/Z/LIRR,ES,N,Y,E-J-Z,['R024']
571,Sutphin Blvd - Archer Av - JFK Airport,ES433X,Street to Mezzanine to E/J/Z,QNS,E/J/Z/LIRR,ES,N,Y,E-J-Z,['R024']
572,Sutphin Blvd - Archer Av - JFK Airport,EL450X,Sutphin Blvd & Archer Ave (SW intersection) to Mezzanine for service in both directions on both lines,QNS,E/J/Z/LIRR,EL,Y,Y,E-J-Z,['R024']
573,Sutphin Blvd - Archer Av - JFK Airport,EL449X,Sutphin Blvd & Archer Ave (SW intersection) to Mezzanine for service in both directions on both lines,QNS,E/J/Z/LIRR,EL,Y,Y,E-J-Z,['R024']
574,Sutphin Blvd - Archer Av - JFK Airport,EL448X,Sutphin Blvd & Archer Ave (SW intersection) to Mezzanine for service in both directions on both lines,QNS,E/J/Z/LIRR,EL,Y,Y,E-J-Z,['R024']
575,Sutphin Blvd - Archer Av - JFK Airport,ES448X,Three landings,QNS,E/J/Z/LIRR,ES,N,N,E-J-Z,['R024']
576,Times Sq - 42 St,EL231X,7th Ave & 42 St (SE corner) to Mezzanine for service in both directions on all lines,MN,N/Q/R/S/W/1/2/3/7,EL,Y,Y,N-Q-R-S-W-1-2-3-7,"['R032', 'R033']"
577,Times Sq - 42 St,ES216,Center Island Platform to Mezzanine (41 st / 7 ave),MN,N/Q/R/S/W/1/2/3/7,ES,N,Y,N-Q-R-S-W-1-2-3-7,"['R032', 'R033']"
578,Times Sq - 42 St,ES217,Center Island Platform to Mezzanine (41 st / 7 ave),MN,N/Q/R/S/W/1/2/3/7,ES,N,Y,N-Q-R-S-W-1-2-3-7,"['R032', 'R033']"
579,Times Sq - 42 St,ES218,Center Island Platform to Mezzanine (41 st / bway),MN,N/Q/R/S/W/1/2/3/7,ES,N,Y,N-Q-R-S-W-1-2-3-7,"['R032', 'R033']"
580,Times Sq - 42 St,EL229,Mezzanine to downtown N/Q/R/W Platform,MN,N/Q/R/S/W/1/2/3/7,EL,Y,Y,N-Q-R-S-W-1-2-3-7,"['R032', 'R033']"
581,Times Sq - 42 St,EL232,Mezzanine to Platform to downtown 1/2/3  and 7 service in both directions,MN,N/Q/R/S/W/1/2/3/7,EL,Y,Y,N-Q-R-S-W-1-2-3-7,"['R032', 'R033']"
582,Times Sq - 42 St,EL233,Mezzanine to uptown 1/2/3 Platform,MN,N/Q/R/S/W/1/2/3/7,EL,Y,Y,N-Q-R-S-W-1-2-3-7,"['R032', 'R033']"
583,Times Sq - 42 St,EL230,Mezzanine to uptown N/Q/R/W Platform,MN,N/Q/R/S/W/1/2/3/7,EL,Y,Y,N-Q-R-S-W-1-2-3-7,"['R032', 'R033']"
584,Times Sq - 42 St,ES261X,Street to Mezzanine all trains,MN,N/Q/R/S/W/1/2/3/7,ES,N,Y,N-Q-R-S-W-1-2-3-7,"['R032', 'R033']"
585,Times Sq - 42 St,ES262X,Street to Mezzanine all trains,MN,N/Q/R/S/W/1/2/3/7,ES,N,Y,N-Q-R-S-W-1-2-3-7,"['R032', 'R033']"
586,Times Sq - 42 St,ES268X,Street to Mezzanine all trains,MN,N/Q/R/S/W/1/2/3/7,ES,N,Y,N-Q-R-S-W-1-2-3-7,"['R032', 'R033']"
587,Times Sq - 42 St,ES267X,Street to Mezzanine all trains,MN,N/Q/R/S/W/1/2/3/7,ES,N,Y,N-Q-R-S-W-1-2-3-7,"['R032', 'R033']"
588,Utica Av,EL346,Mezzanine to downtown Platform,BKN,A/C,EL,Y,Y,A-C,['R153']
589,Utica Av,EL345,Mezzanine to uptown Platform,BKN,A/C,EL,Y,Y,A-C,['R153']
590,Utica Av,EL344,Utica Ave & Fulton St (NW corner) to Mezzanine for service in both directions,BKN,A/C,EL,Y,Y,A-C,['R153']
591,Wall St,ES379X,60 Wall St atrium to Mezzanine 2/3 train passageway,MN,2/3,ES,N,Y,2-3,['R027']
592,Wall St,ES378X,60 Wall St atrium to Mezzanine 2/3 train passageway,MN,2/3,ES,N,Y,2-3,['R027']
593,West 4 St - Washington Sq,EL334,Downtown A/C/E Platform to downtown B/D/F/M Platform and transfer Mezzanine,MN,A/B/C/D/E/F/M,EL,Y,Y,A-B-C-D-E-F-M,['R138']
594,West 4 St - Washington Sq,ES325,Northbound ll Platform to Northbound ul Platform,MN,A/B/C/D/E/F/M,ES,N,Y,A-B-C-D-E-F-M,['R138']
595,West 4 St - Washington Sq,ES326,Southbound ll Platform to Southbound ul Platform,MN,A/B/C/D/E/F/M,ES,N,Y,A-B-C-D-E-F-M,['R138']
596,West 4 St - Washington Sq,EL335,Uptown A/C/E Platform to uptown B/D/F/M Platform and transfer Mezzanine,MN,A/B/C/D/E/F/M,EL,Y,Y,A-B-C-D-E-F-M,['R138']
597,West 4 St - Washington Sq,EL333,W 3rd St & 6th Ave (NE corner) to turnstiles for A/C/E and B/D/F/M service,MN,A/B/C/D/E/F/M,EL,Y,Y,A-B-C-D-E-F-M,['R138']
598,West 8 St - NY Aquarium,ES335,Mezzanine to Northbound Platform,BKN,F/Q,ES,N,Y,F-Q,['R312']
599,West Farms Sq - E Tremont Av,ES106,Street to Mezzanine,BX,2/5,ES,N,Y,2-5,['R387']
600,Whitehall St - South Ferry,ES351,Lower Mezzanine to Upper Mezzanine,MN,R/W,ES,N,Y,R-W,['R001']
601,Whitehall St - South Ferry,ES312,Lower Mezzanine to Upper Mezzanine,MN,R/W,ES,N,Y,R-W,['R001']
602,Whitehall St - South Ferry,ES311,Lower Mezzanine to Upper Mezzanine,MN,R/W,ES,N,Y,R-W,['R001']
603,World Trade Center,EL326,Park Pl & Church St (SE corner) to ADA access to E line and non-ADA access to 2/3 and A/C,MN,E,EL,Y,Y,E,['R029']
604,World Trade Center,EL23X,Vesey St. to Oculus Main Level with access to E train service at World Trade Center Station,MN,E,EL,Y,Y,E,['R029']
605,WTC Cortlandt St,EL712,Mezzanine to Northbound Platform,MN,1,EL,Y,Y,1,['R305']
606,WTC Cortlandt St,EL713,Mezzanine to Southbound Platform,MN,1,EL,Y,Y,1,['R305']
607,WTC Cortlandt St,ES353,Mezzanine to Street,MN,1,ES,N,Y,1,['R305']
608,WTC Cortlandt St,EL13X,Oculus Main Level  to PATH Level with access to 1 line service at WTC Cortlandt St Station,MN,1,EL,Y,Y,1,['R305']
609,WTC Cortlandt St,EL736,Street to Southbound platform,MN,1,EL,Y,N,1,['R305']
610,WTC Cortlandt St,EL12X,West Concourse balcony to PATH Level with access to 1 line at WTC Cortlandt St Station,MN,1,EL,Y,Y,1,['R305']
611,WTC Cortlandt St,EL11X,West Concourse balcony to West Concourse with access to 1 line at WTC Cortlandt St Station,MN,1,EL,Y,Y,1,['R305']
