"station_name","from","from_type","to","to_type"
"125 St","EL125","Elevator","125 St","Street"
"125 St","EL142","Elevator","125 St","Street"
"125 St","EL125","Elevator","Mezzanine","Mezzanine"
"125 St","EL142","Elevator","Mezzanine","Mezzanine"
"125 St","Mezzanine","Mezzanine","EL143","Elevator"
"125 St","Mezzanine","Mezzanine","EL126","Elevator"
"125 St","Mezzanine","Mezzanine","EL144","Elevator"
"125 St","pid_1","Platform","EL143","Elevator"
"125 St","pid_1","Platform","D-south","Train"
"125 St","pid_1","Platform","C-south","Train"
"125 St","pid_1","Platform","A-south","Train"
"125 St","pid_1","Platform","B-south","Train"
"125 St","pid_2","Platform","EL126","Elevator"
"125 St","pid_2","Platform","5-south","Train"
"125 St","pid_2","Platform","4-south","Train"
"125 St","pid_2","Platform","6-north","Train"
"125 St","pid_2","Platform","4-north","Train"
"125 St","pid_2","Platform","5-north","Train"
"125 St","pid_2","Platform","6-south","Train"
"125 St","pid_3","Platform","EL144","Elevator"
"125 St","pid_3","Platform","B-north","Train"
"125 St","pid_3","Platform","A-north","Train"
"125 St","pid_3","Platform","C-north","Train"
"125 St","pid_3","Platform","D-north","Train"
"135 St","EL180","Elevator","135 St","Street"
"135 St","EL181","Elevator","135 St","Street"
"135 St","EL180","Elevator","pid_4","Platform"
"135 St","pid_4","Platform","3-bronx","Train"
"135 St","pid_4","Platform","2-bronx","Train"
"135 St","EL181","Elevator","pid_5","Platform"
"135 St","pid_5","Platform","3-south","Train"
"135 St","pid_5","Platform","2-south","Train"
"14 St - 8 Av","EL221","Elevator","14 St - 8 Av","Street"
"14 St - 8 Av","EL221","Elevator","Mezzanine","Mezzanine"
"14 St - 8 Av","Mezzanine","Mezzanine","EL222","Elevator"
"14 St - 8 Av","Mezzanine","Mezzanine","EL223","Elevator"
"14 St - 8 Av","pid_6","Platform","EL222","Elevator"
"14 St - 8 Av","pid_6","Platform","C-south","Train"
"14 St - 8 Av","pid_6","Platform","E-south","Train"
"14 St - 8 Av","pid_6","Platform","A-south","Train"
"14 St - 8 Av","pid_7","Platform","EL223","Elevator"
"14 St - 8 Av","pid_7","Platform","C-north","Train"
"14 St - 8 Av","pid_7","Platform","E-north","Train"
"14 St - 8 Av","pid_7","Platform","A-north","Train"
"14 St - Union Sq","EL217","Elevator","14 St - Union Sq","Street"
"14 St - Union Sq","EL217","Elevator","Mezzanine","Mezzanine"
"14 St - Union Sq","Mezzanine","Mezzanine","EL220","Elevator"
"14 St - Union Sq","Mezzanine","Mezzanine","EL218","Elevator"
"14 St - Union Sq","Mezzanine","Mezzanine","EL219","Elevator"
"14 St - Union Sq","pid_8","Platform","EL220","Elevator"
"14 St - Union Sq","pid_8","Platform","N-south","Train"
"14 St - Union Sq","pid_8","Platform","W-south","Train"
"14 St - Union Sq","pid_8","Platform","R-south","Train"
"14 St - Union Sq","pid_8","Platform","Q-south","Train"
"14 St - Union Sq","pid_9","Platform","EL218","Elevator"
"14 St - Union Sq","pid_9","Platform","L-south","Train"
"14 St - Union Sq","pid_9","Platform","L-north","Train"
"14 St - Union Sq","pid_10","Platform","EL219","Elevator"
"14 St - Union Sq","pid_10","Platform","W-north","Train"
"14 St - Union Sq","pid_10","Platform","N-north","Train"
"14 St - Union Sq","pid_10","Platform","Q-north","Train"
"14 St - Union Sq","pid_10","Platform","R-north","Train"
"149 St - 3 Av","EL129","Elevator","149 St - 3 Av","Street"
"149 St - 3 Av","EL130","Elevator","149 St - 3 Av","Street"
"149 St - 3 Av","EL129","Elevator","pid_11","Platform"
"149 St - 3 Av","pid_11","Platform","5-bronx","Train"
"149 St - 3 Av","pid_11","Platform","2-bronx","Train"
"149 St - 3 Av","EL130","Elevator","pid_12","Platform"
"149 St - 3 Av","pid_12","Platform","2-manhattan","Train"
"149 St - 3 Av","pid_12","Platform","5-manhattan","Train"
"161 St - Yankee Stadium","Mezzanine","Mezzanine","EL134","Elevator"
"161 St - Yankee Stadium","Mezzanine","Mezzanine","EL133","Elevator"
"161 St - Yankee Stadium","Mezzanine","Mezzanine","EL132","Elevator"
"161 St - Yankee Stadium","EL131","Elevator","Mezzanine","Mezzanine"
"161 St - Yankee Stadium","Mezzanine","Mezzanine","EL135","Elevator"
"161 St - Yankee Stadium","pid_13","Platform","EL134","Elevator"
"161 St - Yankee Stadium","pid_13","Platform","B-manhattan","Train"
"161 St - Yankee Stadium","pid_13","Platform","D-manhattan","Train"
"161 St - Yankee Stadium","pid_14","Platform","EL133","Elevator"
"161 St - Yankee Stadium","pid_14","Platform","4-manhattan","Train"
"161 St - Yankee Stadium","pid_15","Platform","EL132","Elevator"
"161 St - Yankee Stadium","pid_15","Platform","4-woodlawn","Train"
"161 St - Yankee Stadium","EL131","Elevator","161 St - Yankee Stadium","Street"
"168 St","EL139","Elevator","168 St","Street"
"168 St","EL139","Elevator","Mezzanine","Mezzanine"
"168 St","Mezzanine","Mezzanine","EL141","Elevator"
"168 St","Mezzanine","Mezzanine","EL140","Elevator"
"168 St","pid_16","Platform","EL141","Elevator"
"168 St","pid_16","Platform","A-south","Train"
"168 St","pid_16","Platform","C-south","Train"
"175 St","EL123","Elevator","175 St","Street"
"175 St","EL123","Elevator","Mezzanine","Mezzanine"
"175 St","Mezzanine","Mezzanine","EL124","Elevator"
"175 St","pid_17","Platform","EL124","Elevator"
"175 St","pid_17","Platform","A-north","Train"
"175 St","pid_17","Platform","A-south","Train"
"179 St - Jamaica","EL431","Elevator","179 St - Jamaica","Street"
"179 St - Jamaica","EL431","Elevator","Mezzanine","Mezzanine"
"179 St - Jamaica","Mezzanine","Mezzanine","EL432","Elevator"
"179 St - Jamaica","Mezzanine","Mezzanine","EL433","Elevator"
"179 St - Jamaica","pid_18","Platform","EL432","Elevator"
"179 St - Jamaica","pid_18","Platform","F-manhattan","Train"
"207 St - Inwood","EL148","Elevator","207 St - Inwood","Street"
"207 St - Inwood","EL148","Elevator","Mezzanine","Mezzanine"
"207 St - Inwood","Mezzanine","Mezzanine","EL149","Elevator"
"207 St - Inwood","pid_19","Platform","EL149","Elevator"
"207 St - Inwood","pid_19","Platform","A-south","Train"
"21 St - Queensbridge","EL405","Elevator","21 St - Queensbridge","Street"
"21 St - Queensbridge","EL405","Elevator","Mezzanine","Mezzanine"
"21 St - Queensbridge","Mezzanine","Mezzanine","EL407","Elevator"
"21 St - Queensbridge","Mezzanine","Mezzanine","EL406","Elevator"
"21 St - Queensbridge","pid_20","Platform","EL407","Elevator"
"21 St - Queensbridge","pid_20","Platform","F-jamaica","Train"
"21 St - Queensbridge","pid_21","Platform","EL406","Elevator"
"21 St - Queensbridge","pid_21","Platform","F-manhattan","Train"
"23 St","EL298","Elevator","23 St","Street"
"23 St","EL299","Elevator","23 St","Street"
"23 St","EL298","Elevator","pid_22","Platform"
"23 St","pid_22","Platform","6-north","Train"
"23 St","EL299","Elevator","pid_23","Platform"
"23 St","pid_23","Platform","6-south","Train"
"231 St","EL185","Elevator","231 St","Street"
"231 St","EL184","Elevator","231 St","Street"
"231 St","EL185","Elevator","pid_24","Platform"
"231 St","pid_24","Platform","1-van cortlandt park","Train"
"231 St","EL184","Elevator","pid_25","Platform"
"231 St","pid_25","Platform","1-manhattan","Train"
"233 St","EL192","Elevator","233 St","Street"
"233 St","EL192","Elevator","Mezzanine","Mezzanine"
"233 St","Mezzanine","Mezzanine","EL194","Elevator"
"233 St","Mezzanine","Mezzanine","EL193","Elevator"
"233 St","pid_26","Platform","EL194","Elevator"
"233 St","pid_26","Platform","5-manhattan","Train"
"233 St","pid_26","Platform","2-manhattan","Train"
"233 St","pid_27","Platform","EL193","Elevator"
"233 St","pid_27","Platform","5-wakefield 241 st","Train"
"233 St","pid_27","Platform","2-wakefield 241 st","Train"
"28 St","EL279X","Elevator","28 St","Street"
"28 St","EL279X","Elevator","pid_28","Platform"
"28 St","pid_28","Platform","6-south","Train"
"34 St - Herald Sq","EL213","Elevator","34 St - Herald Sq","Street"
"34 St - Herald Sq","EL213","Elevator","Mezzanine","Mezzanine"
"34 St - Herald Sq","Mezzanine","Mezzanine","EL209","Elevator"
"34 St - Herald Sq","Mezzanine","Mezzanine","EL211","Elevator"
"34 St - Herald Sq","Mezzanine","Mezzanine","EL210","Elevator"
"34 St - Herald Sq","Mezzanine","Mezzanine","EL212","Elevator"
"34 St - Herald Sq","pid_29","Platform","EL209","Elevator"
"34 St - Herald Sq","pid_29","Platform","D-south","Train"
"34 St - Herald Sq","pid_29","Platform","F-south","Train"
"34 St - Herald Sq","pid_29","Platform","M-south","Train"
"34 St - Herald Sq","pid_29","Platform","B-south","Train"
"34 St - Herald Sq","pid_30","Platform","EL211","Elevator"
"34 St - Herald Sq","pid_30","Platform","Q-south","Train"
"34 St - Herald Sq","pid_30","Platform","W-south","Train"
"34 St - Herald Sq","pid_30","Platform","N-south","Train"
"34 St - Herald Sq","pid_30","Platform","R-south","Train"
"34 St - Herald Sq","pid_31","Platform","EL210","Elevator"
"34 St - Herald Sq","pid_31","Platform","F-north","Train"
"34 St - Herald Sq","pid_31","Platform","D-north","Train"
"34 St - Herald Sq","pid_31","Platform","M-north","Train"
"34 St - Herald Sq","pid_31","Platform","B-north","Train"
"34 St - Herald Sq","pid_32","Platform","EL212","Elevator"
"34 St - Herald Sq","pid_32","Platform","Q-north","Train"
"34 St - Herald Sq","pid_32","Platform","R-north","Train"
"34 St - Herald Sq","pid_32","Platform","N-north","Train"
"34 St - Herald Sq","pid_32","Platform","W-north","Train"
"34 St - Hudson Yards","Mezzanine","Mezzanine","EL600","Elevator"
"34 St - Hudson Yards","Mezzanine","Mezzanine","EL601","Elevator"
"34 St - Hudson Yards","Mezzanine","Mezzanine","EL602","Elevator"
"34 St - Hudson Yards","pid_33","Platform","EL600","Elevator"
"34 St - Hudson Yards","pid_33","Platform","7-flushing main st","Train"
"42 St - Grand Central","Mezzanine","Mezzanine","EL244","Elevator"
"42 St - Grand Central","Mezzanine","Mezzanine","EL205","Elevator"
"42 St - Grand Central","Mezzanine","Mezzanine","EL206","Elevator"
"42 St - Grand Central","EL296","Elevator","Mezzanine","Mezzanine"
"42 St - Grand Central","pid_34","Platform","EL244","Elevator"
"42 St - Grand Central","pid_34","Platform","7-north","Train"
"42 St - Grand Central","pid_34","Platform","7-south","Train"
"42 St - Grand Central","pid_35","Platform","EL205","Elevator"
"42 St - Grand Central","pid_35","Platform","5-south","Train"
"42 St - Grand Central","pid_35","Platform","6-south","Train"
"42 St - Grand Central","pid_35","Platform","4-south","Train"
"42 St - Grand Central","pid_36","Platform","EL206","Elevator"
"42 St - Grand Central","pid_36","Platform","5-north","Train"
"42 St - Grand Central","pid_36","Platform","4-north","Train"
"42 St - Grand Central","pid_36","Platform","6-north","Train"
"42 St - Grand Central","EL296","Elevator","42 St - Grand Central","Street"
"47-50 St - Rockefeller Ctr","EL234","Elevator","47-50 St - Rockefeller Ctr","Street"
"47-50 St - Rockefeller Ctr","EL234","Elevator","Mezzanine","Mezzanine"
"47-50 St - Rockefeller Ctr","Mezzanine","Mezzanine","EL236","Elevator"
"47-50 St - Rockefeller Ctr","Mezzanine","Mezzanine","EL235","Elevator"
"47-50 St - Rockefeller Ctr","pid_37","Platform","EL236","Elevator"
"47-50 St - Rockefeller Ctr","pid_37","Platform","B-south","Train"
"47-50 St - Rockefeller Ctr","pid_37","Platform","F-south","Train"
"47-50 St - Rockefeller Ctr","pid_37","Platform","D-south","Train"
"47-50 St - Rockefeller Ctr","pid_37","Platform","M-south","Train"
"47-50 St - Rockefeller Ctr","pid_38","Platform","EL235","Elevator"
"47-50 St - Rockefeller Ctr","pid_38","Platform","D-north","Train"
"47-50 St - Rockefeller Ctr","pid_38","Platform","F-north","Train"
"47-50 St - Rockefeller Ctr","pid_38","Platform","B-north","Train"
"47-50 St - Rockefeller Ctr","pid_38","Platform","M-north","Train"
"49 St","EL268X","Elevator","49 St","Street"
"49 St","EL268X","Elevator","pid_39","Platform"
"49 St","pid_39","Platform","W-north","Train"
"49 St","pid_39","Platform","R-north","Train"
"49 St","pid_39","Platform","N-north","Train"
"61 St - Woodside","Mezzanine","Mezzanine","EL417X","Elevator"
"61 St - Woodside","Mezzanine","Mezzanine","EL416X","Elevator"
"61 St - Woodside","EL415X","Elevator","Mezzanine","Mezzanine"
"61 St - Woodside","pid_40","Platform","EL417X","Elevator"
"61 St - Woodside","pid_40","Platform","7-flushing main st","Train"
"61 St - Woodside","pid_41","Platform","EL416X","Elevator"
"61 St - Woodside","pid_41","Platform","7-manhattan","Train"
"61 St - Woodside","EL415X","Elevator","61 St - Woodside","Street"
"62 St / New Utrecht","Mezzanine","Mezzanine","EL740","Elevator"
"62 St / New Utrecht","Mezzanine","Mezzanine","EL741","Elevator"
"62 St / New Utrecht","EL739","Elevator","Mezzanine","Mezzanine"
"62 St / New Utrecht","pid_42","Platform","EL740","Elevator"
"62 St / New Utrecht","pid_42","Platform","D-manhattan","Train"
"62 St / New Utrecht","pid_43","Platform","EL741","Elevator"
"62 St / New Utrecht","pid_43","Platform","D-coney island","Train"
"62 St / New Utrecht","EL738","Elevator","62 St / New Utrecht","Street"
"62 St / New Utrecht","EL739","Elevator","62 St / New Utrecht","Street"
"62 St / New Utrecht","EL738","Elevator","pid_44","Platform"
"62 St / New Utrecht","pid_44","Platform","N-manhattan","Train"
"66 St - Lincoln Center","EL237","Elevator","66 St - Lincoln Center","Street"
"66 St - Lincoln Center","EL238","Elevator","66 St - Lincoln Center","Street"
"66 St - Lincoln Center","EL237","Elevator","pid_45","Platform"
"66 St - Lincoln Center","pid_45","Platform","1-north","Train"
"66 St - Lincoln Center","EL238","Elevator","pid_46","Platform"
"66 St - Lincoln Center","pid_46","Platform","1-south","Train"
"72 St","EL240","Elevator","72 St","Street"
"72 St","EL239","Elevator","72 St","Street"
"72 St","EL240","Elevator","pid_47","Platform"
"72 St","pid_47","Platform","2-south","Train"
"72 St","pid_47","Platform","1-south","Train"
"72 St","pid_47","Platform","3-south","Train"
"72 St","EL239","Elevator","pid_48","Platform"
"72 St","pid_48","Platform","3-north","Train"
"72 St","pid_48","Platform","2-north","Train"
"72 St","pid_48","Platform","1-north","Train"
"72 St / 2 Av","EL264","Elevator","72 St / 2 Av","Street"
"72 St / 2 Av","EL265","Elevator","72 St / 2 Av","Street"
"72 St / 2 Av","EL266","Elevator","72 St / 2 Av","Street"
"72 St / 2 Av","EL267","Elevator","72 St / 2 Av","Street"
"72 St / 2 Av","EL262","Elevator","72 St / 2 Av","Street"
"72 St / 2 Av","EL264","Elevator","Mezzanine","Mezzanine"
"72 St / 2 Av","EL265","Elevator","Mezzanine","Mezzanine"
"72 St / 2 Av","EL266","Elevator","Mezzanine","Mezzanine"
"72 St / 2 Av","EL267","Elevator","Mezzanine","Mezzanine"
"72 St / 2 Av","EL262","Elevator","Mezzanine","Mezzanine"
"72 St / 2 Av","Mezzanine","Mezzanine","EL259","Elevator"
"72 St / 2 Av","pid_49","Platform","EL259","Elevator"
"72 St / 2 Av","pid_49","Platform","Q-north","Train"
"72 St / 2 Av","pid_49","Platform","Q-south","Train"
"8 Av","EL753","Elevator","8 Av","Street"
"8 Av","EL753","Elevator","pid_50","Platform"
"8 Av","pid_50","Platform","N-manhattan","Train"
"8 Av - 14 St","Mezzanine","Mezzanine","EL224","Elevator"
"8 Av - 14 St","pid_51","Platform","EL224","Elevator"
"8 Av - 14 St","pid_51","Platform","L-south","Train"
"8 Av - 14 St","pid_51","Platform","L-north","Train"
"86 St","EL273","Elevator","86 St","Street"
"86 St","EL273","Elevator","pid_52","Platform"
"86 St","pid_52","Platform","6-north","Train"
"86 St / 2 Av","EL250","Elevator","86 St / 2 Av","Street"
"86 St / 2 Av","EL250","Elevator","Mezzanine","Mezzanine"
"86 St / 2 Av","Mezzanine","Mezzanine","EL249","Elevator"
"86 St / 2 Av","pid_53","Platform","EL249","Elevator"
"86 St / 2 Av","pid_53","Platform","Q-north","Train"
"86 St / 2 Av","pid_53","Platform","Q-south","Train"
"96 St","EL146","Elevator","96 St","Street"
"96 St","EL145","Elevator","96 St","Street"
"96 St","EL146","Elevator","pid_54","Platform"
"96 St","pid_54","Platform","3-north","Train"
"96 St","pid_54","Platform","2-north","Train"
"96 St","pid_54","Platform","1-north","Train"
"96 St","EL145","Elevator","pid_55","Platform"
"96 St","pid_55","Platform","2-south","Train"
"96 St","pid_55","Platform","3-south","Train"
"96 St","pid_55","Platform","1-south","Train"
"96 St / 2 Av","EL248","Elevator","96 St / 2 Av","Street"
"96 St / 2 Av","EL248","Elevator","Mezzanine","Mezzanine"
"96 St / 2 Av","Mezzanine","Mezzanine","EL247","Elevator"
"96 St / 2 Av","pid_56","Platform","EL247","Elevator"
"96 St / 2 Av","pid_56","Platform","Q-south","Train"
"Aqueduct Racetrack","EL489X","Elevator","Aqueduct Racetrack","Street"
"Aqueduct Racetrack","EL489X","Elevator","pid_57","Platform"
"Aqueduct Racetrack","pid_57","Platform","A-manhattan","Train"
"Atlantic Av-Barclays Ctr","EL700X","Elevator","Atlantic Av-Barclays Ctr","Street"
"Atlantic Av-Barclays Ctr","EL301","Elevator","Atlantic Av-Barclays Ctr","Street"
"Atlantic Av-Barclays Ctr","EL300X","Elevator","Atlantic Av-Barclays Ctr","Street"
"Atlantic Av-Barclays Ctr","EL737X","Elevator","Atlantic Av-Barclays Ctr","Street"
"Atlantic Av-Barclays Ctr","EL700X","Elevator","pid_58","Platform"
"Atlantic Av-Barclays Ctr","pid_58","Platform","3-manhattan","Train"
"Atlantic Av-Barclays Ctr","pid_58","Platform","2-manhattan","Train"
"Bay Parkway","EL376","Elevator","Bay Parkway","Street"
"Bay Parkway","EL376","Elevator","Mezzanine","Mezzanine"
"Bay Parkway","Mezzanine","Mezzanine","EL378","Elevator"
"Bay Parkway","Mezzanine","Mezzanine","EL377","Elevator"
"Bay Parkway","pid_59","Platform","EL378","Elevator"
"Bay Parkway","pid_59","Platform","D-coney island","Train"
"Bay Parkway","pid_60","Platform","EL377","Elevator"
"Bay Parkway","pid_60","Platform","D-manhattan","Train"
"Borough Hall","EL317","Elevator","Borough Hall","Street"
"Borough Hall","EL317","Elevator","Mezzanine","Mezzanine"
"Borough Hall","Mezzanine","Mezzanine","EL318","Elevator"
"Borough Hall","pid_61","Platform","EL318","Elevator"
"Borough Hall","pid_61","Platform","2-north","Train"
"Borough Hall","pid_61","Platform","3-north","Train"
"Borough Hall","pid_61","Platform","2-manhattan","Train"
"Borough Hall","pid_61","Platform","2-south","Train"
"Borough Hall","pid_61","Platform","3-south","Train"
"Borough Hall","pid_61","Platform","4-manhattan","Train"
"Borough Hall","pid_61","Platform","5-manhattan","Train"
"Borough Hall","pid_61","Platform","3-manhattan","Train"
"Brooklyn Bridge - City Hall","Mezzanine","Mezzanine","EL316","Elevator"
"Brooklyn Bridge - City Hall","EL314","Elevator","Mezzanine","Mezzanine"
"Brooklyn Bridge - City Hall","Mezzanine","Mezzanine","EL315","Elevator"
"Brooklyn Bridge - City Hall","pid_62","Platform","EL316","Elevator"
"Brooklyn Bridge - City Hall","pid_62","Platform","4-north","Train"
"Brooklyn Bridge - City Hall","pid_62","Platform","5-north","Train"
"Brooklyn Bridge - City Hall","pid_62","Platform","6-north","Train"
"Brooklyn Bridge - City Hall","EL314","Elevator","Brooklyn Bridge - City Hall","Street"
"Canal St","EL324","Elevator","Canal St","Street"
"Canal St","EL325","Elevator","Canal St","Street"
"Canal St","EL324","Elevator","pid_63","Platform"
"Canal St","pid_63","Platform","6-north","Train"
"Canal St","EL325","Elevator","pid_64","Platform"
"Canal St","pid_64","Platform","6-south","Train"
"Chambers St","Mezzanine","Mezzanine","EL337","Elevator"
"Chambers St","Mezzanine","Mezzanine","EL338","Elevator"
"Chambers St","EL336","Elevator","Mezzanine","Mezzanine"
"Chambers St","pid_65","Platform","EL337","Elevator"
"Chambers St","pid_65","Platform","1-north","Train"
"Chambers St","pid_65","Platform","3-north","Train"
"Chambers St","pid_65","Platform","2-north","Train"
"Chambers St","pid_66","Platform","EL338","Elevator"
"Chambers St","pid_66","Platform","2-south","Train"
"Chambers St","pid_66","Platform","1-south","Train"
"Chambers St","pid_66","Platform","3-south","Train"
"Chambers St","EL336","Elevator","Chambers St","Street"
"Church Av","EL373","Elevator","Church Av","Street"
"Church Av","EL320","Elevator","Church Av","Street"
"Church Av","EL321","Elevator","Church Av","Street"
"Church Av","EL373","Elevator","Mezzanine","Mezzanine"
"Church Av","Mezzanine","Mezzanine","EL374","Elevator"
"Church Av","Mezzanine","Mezzanine","EL375","Elevator"
"Church Av","EL320","Elevator","pid_67","Platform"
"Church Av","pid_67","Platform","2-manhattan","Train"
"Church Av","pid_67","Platform","5-manhattan","Train"
"Church Av","EL321","Elevator","pid_68","Platform"
"Church Av","pid_68","Platform","5-flatbush av brooklyn college","Train"
"Church Av","pid_68","Platform","2-flatbush av brooklyn college","Train"
"Court Square","Mezzanine","Mezzanine","EL447","Elevator"
"Court Square","EL446","Elevator","Mezzanine","Mezzanine"
"Court Square","Mezzanine","Mezzanine","EL445X","Elevator"
"Court Square","pid_69","Platform","EL447","Elevator"
"Court Square","pid_69","Platform","7-manhattan","Train"
"Court Square","EL446","Elevator","Court Square","Street"
"Crown Hts - Utica Av","EL322","Elevator","Crown Hts - Utica Av","Street"
"Crown Hts - Utica Av","EL322","Elevator","Mezzanine","Mezzanine"
"Crown Hts - Utica Av","Mezzanine","Mezzanine","EL323","Elevator"
"Dyckman St","EL178","Elevator","Dyckman St","Street"
"Dyckman St","EL178","Elevator","pid_70","Platform"
"Dyckman St","pid_70","Platform","1-south","Train"
"East 180 St","EL160","Elevator","East 180 St","Street"
"East 180 St","EL159","Elevator","East 180 St","Street"
"East 180 St","EL160","Elevator","pid_71","Platform"
"East 180 St","pid_71","Platform","5-manhattan","Train"
"East 180 St","pid_71","Platform","2-manhattan","Train"
"East 180 St","EL159","Elevator","pid_72","Platform"
"East 180 St","pid_72","Platform","5-bronx","Train"
"East 180 St","pid_72","Platform","2-bronx","Train"
"Euclid Av","EL341","Elevator","Euclid Av","Street"
"Euclid Av","EL341","Elevator","Mezzanine","Mezzanine"
"Euclid Av","Mezzanine","Mezzanine","EL342","Elevator"
"Euclid Av","Mezzanine","Mezzanine","EL343","Elevator"
"Euclid Av","pid_73","Platform","EL342","Elevator"
"Euclid Av","pid_73","Platform","C-manhattan","Train"
"Euclid Av","pid_73","Platform","A-manhattan","Train"
"Far Rockaway - Mott Av","EL497","Elevator","Far Rockaway - Mott Av","Street"
"Far Rockaway - Mott Av","EL498","Elevator","Far Rockaway - Mott Av","Street"
"Far Rockaway - Mott Av","EL497","Elevator","pid_74","Platform"
"Far Rockaway - Mott Av","pid_74","Platform","A-manhattan","Train"
"Far Rockaway - Mott Av","EL498","Elevator","pid_74","Platform"
"Flatbush Av Brooklyn College","EL319","Elevator","Flatbush Av Brooklyn College","Street"
"Flatbush Av Brooklyn College","EL319","Elevator","pid_75","Platform"
"Flatbush Av Brooklyn College","pid_75","Platform","5-south","Train"
"Flatbush Av Brooklyn College","pid_75","Platform","2-north","Train"
"Flatbush Av Brooklyn College","pid_75","Platform","5-north","Train"
"Flatbush Av Brooklyn College","pid_75","Platform","2-south","Train"
"Flushing Av","EL393","Elevator","Flushing Av","Street"
"Flushing Av","EL393","Elevator","Mezzanine","Mezzanine"
"Flushing Av","Mezzanine","Mezzanine","EL395","Elevator"
"Flushing Av","Mezzanine","Mezzanine","EL394","Elevator"
"Flushing Av","pid_76","Platform","EL395","Elevator"
"Flushing Av","pid_76","Platform","J-south","Train"
"Flushing Av","pid_76","Platform","J-north","Train"
"Flushing Av","pid_76","Platform","M-south","Train"
"Flushing Av","pid_76","Platform","M-north","Train"
"Flushing Av","pid_77","Platform","EL394","Elevator"
"Flushing Av","pid_77","Platform","M-middle village","Train"
"Flushing Av","pid_77","Platform","J-middle village","Train"
"Flushing Main St","EL414","Elevator","Flushing Main St","Street"
"Flushing Main St","EL414","Elevator","pid_78","Platform"
"Flushing Main St","pid_78","Platform","7-manhattan","Train"
"Fordham Rd","EL186","Elevator","Fordham Rd","Street"
"Fordham Rd","EL186","Elevator","Mezzanine","Mezzanine"
"Fordham Rd","Mezzanine","Mezzanine","EL188","Elevator"
"Fordham Rd","Mezzanine","Mezzanine","EL187","Elevator"
"Fordham Rd","pid_79","Platform","EL188","Elevator"
"Fordham Rd","pid_79","Platform","4-manhattan","Train"
"Fordham Rd","pid_80","Platform","EL187","Elevator"
"Fordham Rd","pid_80","Platform","4-woodlawn","Train"
"Forest Hills - 71 Av","Mezzanine","Mezzanine","EL439","Elevator"
"Forest Hills - 71 Av","EL437","Elevator","Mezzanine","Mezzanine"
"Forest Hills - 71 Av","Mezzanine","Mezzanine","EL438","Elevator"
"Forest Hills - 71 Av","pid_81","Platform","EL439","Elevator"
"Forest Hills - 71 Av","pid_81","Platform","M-manhattan","Train"
"Forest Hills - 71 Av","pid_81","Platform","F-manhattan","Train"
"Forest Hills - 71 Av","pid_81","Platform","R-manhattan","Train"
"Forest Hills - 71 Av","pid_81","Platform","E-manhattan","Train"
"Forest Hills - 71 Av","EL437","Elevator","Forest Hills - 71 Av","Street"
"Gun Hill Rd","EL183","Elevator","Gun Hill Rd","Street"
"Gun Hill Rd","EL182","Elevator","Gun Hill Rd","Street"
"Gun Hill Rd","EL183","Elevator","pid_82","Platform"
"Gun Hill Rd","pid_82","Platform","5-manhattan","Train"
"Gun Hill Rd","pid_82","Platform","2-manhattan","Train"
"Gun Hill Rd","EL182","Elevator","pid_83","Platform"
"Gun Hill Rd","pid_83","Platform","2-wakefield 241 st","Train"
"Gun Hill Rd","pid_83","Platform","5-wakefield 241 st","Train"
"Hunts Point","Mezzanine","Mezzanine","EL197","Elevator"
"Hunts Point","Mezzanine","Mezzanine","EL196","Elevator"
"Hunts Point","EL195","Elevator","Mezzanine","Mezzanine"
"Hunts Point","pid_84","Platform","EL197","Elevator"
"Hunts Point","pid_84","Platform","6-manhattan","Train"
"Hunts Point","pid_85","Platform","EL196","Elevator"
"Hunts Point","pid_85","Platform","6-pelham bay parkway","Train"
"Hunts Point","EL195","Elevator","Hunts Point","Street"
"Jamaica - Van Wyck","EL409","Elevator","Jamaica - Van Wyck","Street"
"Jamaica - Van Wyck","EL409","Elevator","Mezzanine","Mezzanine"
"Jamaica - Van Wyck","Mezzanine","Mezzanine","EL408","Elevator"
"Jamaica - Van Wyck","pid_86","Platform","EL408","Elevator"
"Jamaica - Van Wyck","pid_86","Platform","E-north","Train"
"Jamaica - Van Wyck","pid_86","Platform","E-south","Train"
"Jamaica Center Parsons/Archer","EL412","Elevator","Jamaica Center Parsons/Archer","Street"
"Jamaica Center Parsons/Archer","EL412","Elevator","Mezzanine","Mezzanine"
"Jamaica Center Parsons/Archer","Mezzanine","Mezzanine","EL413","Elevator"
"Jamaica Center Parsons/Archer","pid_87","Platform","EL413","Elevator"
"Jamaica Center Parsons/Archer","pid_87","Platform","E-south","Train"
"Jamaica Center Parsons/Archer","pid_87","Platform","Z-south","Train"
"Jamaica Center Parsons/Archer","pid_87","Platform","E-north","Train"
"Jamaica Center Parsons/Archer","pid_87","Platform","Z-north","Train"
"Jamaica Center Parsons/Archer","pid_87","Platform","J-south","Train"
"Jamaica Center Parsons/Archer","pid_87","Platform","J-north","Train"
"Jay St - MetroTech","EL706","Elevator","Jay St - MetroTech","Street"
"Jay St - MetroTech","EL706","Elevator","Mezzanine","Mezzanine"
"Jay St - MetroTech","Mezzanine","Mezzanine","EL707","Elevator"
"Jay St - MetroTech","Mezzanine","Mezzanine","EL709","Elevator"
"Jay St - MetroTech","Mezzanine","Mezzanine","EL708","Elevator"
"Jay St - MetroTech","pid_88","Platform","EL707","Elevator"
"Jay St - MetroTech","pid_88","Platform","C-manhattan","Train"
"Jay St - MetroTech","pid_88","Platform","F-manhattan","Train"
"Jay St - MetroTech","pid_88","Platform","A-manhattan","Train"
"Jay St - MetroTech","pid_89","Platform","EL709","Elevator"
"Jay St - MetroTech","pid_89","Platform","R-south","Train"
"Jay St - MetroTech","pid_89","Platform","R-north","Train"
"Junction Blvd","Mezzanine","Mezzanine","EL427","Elevator"
"Junction Blvd","Mezzanine","Mezzanine","EL426","Elevator"
"Junction Blvd","EL425","Elevator","Mezzanine","Mezzanine"
"Junction Blvd","pid_90","Platform","EL427","Elevator"
"Junction Blvd","pid_90","Platform","7-flushing main st","Train"
"Junction Blvd","pid_91","Platform","EL426","Elevator"
"Junction Blvd","pid_91","Platform","7-manhattan","Train"
"Junction Blvd","EL425","Elevator","Junction Blvd","Street"
"Kew Gardens / Union Tpk","EL434","Elevator","Kew Gardens / Union Tpk","Street"
"Kew Gardens / Union Tpk","EL434","Elevator","Mezzanine","Mezzanine"
"Kew Gardens / Union Tpk","Mezzanine","Mezzanine","EL435","Elevator"
"Kew Gardens / Union Tpk","Mezzanine","Mezzanine","EL436","Elevator"
"Kew Gardens / Union Tpk","pid_92","Platform","EL435","Elevator"
"Kew Gardens / Union Tpk","pid_92","Platform","F-jamaica","Train"
"Kew Gardens / Union Tpk","pid_92","Platform","E-jamaica","Train"
"Kew Gardens / Union Tpk","pid_93","Platform","EL436","Elevator"
"Kew Gardens / Union Tpk","pid_93","Platform","F-manhattan","Train"
"Kew Gardens / Union Tpk","pid_93","Platform","E-manhattan","Train"
"Kings Highway","EL760","Elevator","Kings Highway","Street"
"Kings Highway","EL761","Elevator","Kings Highway","Street"
"Kings Highway","EL760","Elevator","pid_94","Platform"
"Kings Highway","pid_94","Platform","Q-manhattan","Train"
"Kings Highway","pid_94","Platform","B-manhattan","Train"
"Kingsbridge Road","EL189","Elevator","Kingsbridge Road","Street"
"Kingsbridge Road","EL189","Elevator","Mezzanine","Mezzanine"
"Kingsbridge Road","Mezzanine","Mezzanine","EL191","Elevator"
"Kingsbridge Road","Mezzanine","Mezzanine","EL190","Elevator"
"Kingsbridge Road","pid_95","Platform","EL191","Elevator"
"Kingsbridge Road","pid_95","Platform","D-manhattan","Train"
"Kingsbridge Road","pid_95","Platform","B-manhattan","Train"
"Marcy Av","EL391","Elevator","Marcy Av","Street"
"Marcy Av","EL392","Elevator","Marcy Av","Street"
"Marcy Av","EL391","Elevator","pid_96","Platform"
"Marcy Av","pid_96","Platform","Z-manhattan","Train"
"Marcy Av","pid_96","Platform","J-manhattan","Train"
"Marcy Av","pid_96","Platform","M-manhattan","Train"
"Myrtle Av / Wyckoff Av","EL396","Elevator","Myrtle Av / Wyckoff Av","Street"
"Myrtle Av / Wyckoff Av","EL396","Elevator","Mezzanine","Mezzanine"
"Myrtle Av / Wyckoff Av","Mezzanine","Mezzanine","EL397","Elevator"
"Myrtle Av / Wyckoff Av","Mezzanine","Mezzanine","EL398","Elevator"
"Myrtle Av / Wyckoff Av","pid_97","Platform","EL397","Elevator"
"Myrtle Av / Wyckoff Av","pid_97","Platform","L-south","Train"
"Myrtle Av / Wyckoff Av","pid_97","Platform","L-north","Train"
"Myrtle Av / Wyckoff Av","pid_98","Platform","EL398","Elevator"
"Myrtle Av / Wyckoff Av","pid_98","Platform","M-north","Train"
"Myrtle Av / Wyckoff Av","pid_98","Platform","M-south","Train"
"Ozone Park / Lefferts Blvd","EL462","Elevator","Ozone Park / Lefferts Blvd","Street"
"Ozone Park / Lefferts Blvd","EL462","Elevator","Mezzanine","Mezzanine"
"Ozone Park / Lefferts Blvd","Mezzanine","Mezzanine","EL463","Elevator"
"Ozone Park / Lefferts Blvd","pid_99","Platform","EL463","Elevator"
"Ozone Park / Lefferts Blvd","pid_99","Platform","A-south","Train"
"Ozone Park / Lefferts Blvd","pid_99","Platform","A-north","Train"
"Pelham Bay Park","EL121","Elevator","Pelham Bay Park","Street"
"Pelham Bay Park","EL121","Elevator","Mezzanine","Mezzanine"
"Pelham Bay Park","Mezzanine","Mezzanine","EL122","Elevator"
"Pelham Bay Park","pid_100","Platform","EL122","Elevator"
"Pelham Bay Park","pid_100","Platform","6-manhattan","Train"
"Pelham Pkwy","Mezzanine","Mezzanine","EL137","Elevator"
"Pelham Pkwy","Mezzanine","Mezzanine","EL138","Elevator"
"Pelham Pkwy","EL136","Elevator","Mezzanine","Mezzanine"
"Pelham Pkwy","pid_101","Platform","EL137","Elevator"
"Pelham Pkwy","pid_101","Platform","5-manhattan","Train"
"Pelham Pkwy","pid_101","Platform","2-manhattan","Train"
"Pelham Pkwy","pid_102","Platform","EL138","Elevator"
"Pelham Pkwy","pid_102","Platform","2-wakefield 241 st","Train"
"Pelham Pkwy","pid_102","Platform","5-wakefield 241 st","Train"
"Pelham Pkwy","EL136","Elevator","Pelham Pkwy","Street"
"Prospect Park","EL383","Elevator","Prospect Park","Street"
"Prospect Park","EL382","Elevator","Prospect Park","Street"
"Prospect Park","EL383","Elevator","pid_103","Platform"
"Prospect Park","pid_103","Platform","Q-coney island","Train"
"Prospect Park","pid_103","Platform","B-coney island","Train"
"Prospect Park","EL382","Elevator","pid_104","Platform"
"Prospect Park","pid_104","Platform","B-manhattan","Train"
"Prospect Park","pid_104","Platform","Q-manhattan","Train"
"Queens Plaza","Mezzanine","Mezzanine","EL430","Elevator"
"Queens Plaza","Mezzanine","Mezzanine","EL429","Elevator"
"Queens Plaza","EL428","Elevator","Mezzanine","Mezzanine"
"Queens Plaza","pid_105","Platform","EL430","Elevator"
"Queens Plaza","pid_105","Platform","R-jamaica","Train"
"Queens Plaza","pid_105","Platform","E-jamaica","Train"
"Queens Plaza","pid_105","Platform","M-jamaica","Train"
"Queens Plaza","pid_106","Platform","EL429","Elevator"
"Queens Plaza","pid_106","Platform","E-manhattan","Train"
"Queens Plaza","pid_106","Platform","M-manhattan","Train"
"Queens Plaza","pid_106","Platform","R-manhattan","Train"
"Queens Plaza","EL428","Elevator","Queens Plaza","Street"
"Roosevelt Island","EL404","Elevator","Roosevelt Island","Street"
"Roosevelt Island","EL403","Elevator","Roosevelt Island","Street"
"Roosevelt Island","EL404","Elevator","pid_107","Platform"
"Roosevelt Island","pid_107","Platform","F-jamaica","Train"
"Roosevelt Island","EL403","Elevator","pid_108","Platform"
"Roosevelt Island","pid_108","Platform","F-manhattan","Train"
"Simpson St","EL128","Elevator","Simpson St","Street"
"Simpson St","EL127","Elevator","Simpson St","Street"
"Simpson St","EL128","Elevator","pid_109","Platform"
"Simpson St","pid_109","Platform","5-manhattan","Train"
"Simpson St","pid_109","Platform","2-manhattan","Train"
"Simpson St","EL127","Elevator","pid_110","Platform"
"Simpson St","pid_110","Platform","5-bronx","Train"
"Simpson St","pid_110","Platform","2-bronx","Train"
"South Ferry","Mezzanine","Mezzanine","EL731","Elevator"
"South Ferry","EL730","Elevator","Mezzanine","Mezzanine"
"South Ferry","pid_111","Platform","EL731","Elevator"
"South Ferry","pid_111","Platform","1-north","Train"
"South Ferry","EL730","Elevator","South Ferry","Street"
"Sutphin Blvd - Archer Av - JFK Airport","Mezzanine","Mezzanine","EL411","Elevator"
"Sutphin Blvd - Archer Av - JFK Airport","EL450X","Elevator","Mezzanine","Mezzanine"
"Sutphin Blvd - Archer Av - JFK Airport","EL449X","Elevator","Mezzanine","Mezzanine"
"Sutphin Blvd - Archer Av - JFK Airport","EL448X","Elevator","Mezzanine","Mezzanine"
"Sutphin Blvd - Archer Av - JFK Airport","pid_112","Platform","EL411","Elevator"
"Sutphin Blvd - Archer Av - JFK Airport","pid_112","Platform","E-south","Train"
"Sutphin Blvd - Archer Av - JFK Airport","pid_112","Platform","J-south","Train"
"Sutphin Blvd - Archer Av - JFK Airport","pid_112","Platform","J-north","Train"
"Sutphin Blvd - Archer Av - JFK Airport","pid_112","Platform","Z-north","Train"
"Sutphin Blvd - Archer Av - JFK Airport","pid_112","Platform","E-north","Train"
"Sutphin Blvd - Archer Av - JFK Airport","pid_112","Platform","Z-south","Train"
"Sutphin Blvd - Archer Av - JFK Airport","EL450X","Elevator","Sutphin Blvd - Archer Av - JFK Airport","Street"
"Sutphin Blvd - Archer Av - JFK Airport","EL449X","Elevator","Sutphin Blvd - Archer Av - JFK Airport","Street"
"Sutphin Blvd - Archer Av - JFK Airport","EL448X","Elevator","Sutphin Blvd - Archer Av - JFK Airport","Street"
"Times Sq - 42 St","Mezzanine","Mezzanine","EL232","Elevator"
"Times Sq - 42 St","EL231X","Elevator","Mezzanine","Mezzanine"
"Times Sq - 42 St","Mezzanine","Mezzanine","EL232X","Elevator"
"Times Sq - 42 St","Mezzanine","Mezzanine","EL233","Elevator"
"Times Sq - 42 St","Mezzanine","Mezzanine","EL229","Elevator"
"Times Sq - 42 St","Mezzanine","Mezzanine","EL230","Elevator"
"Times Sq - 42 St","pid_113","Platform","EL232","Elevator"
"Times Sq - 42 St","pid_113","Platform","7-south","Train"
"Times Sq - 42 St","pid_113","Platform","3-south","Train"
"Times Sq - 42 St","pid_113","Platform","7-north","Train"
"Times Sq - 42 St","pid_113","Platform","2-south","Train"
"Times Sq - 42 St","pid_113","Platform","1-south","Train"
"Times Sq - 42 St","pid_133","Platform","3-south","Train"
"Times Sq - 42 St","pid_133","Platform","2-south","Train"
"Times Sq - 42 St","pid_133","Platform","1-south","Train"
"Utica Av","Mezzanine","Mezzanine","EL345","Elevator"
"Utica Av","EL344","Elevator","Mezzanine","Mezzanine"
"Utica Av","Mezzanine","Mezzanine","EL346","Elevator"
"Utica Av","pid_114","Platform","EL345","Elevator"
"Utica Av","pid_114","Platform","A-manhattan","Train"
"Utica Av","pid_114","Platform","C-manhattan","Train"
"Utica Av","EL344","Elevator","Utica Av","Street"
"Howard Beach","EL491X","Elevator","Howard Beach","Street"
"Howard Beach","EL490X","Elevator","Howard Beach","Street"
"Howard Beach","EL491X","Elevator","Mezzanine","Mezzanine"
"Howard Beach","EL490X","Elevator","Mezzanine","Mezzanine"
"Howard Beach","Mezzanine","Mezzanine","EL495X","Elevator"
"Howard Beach","Mezzanine","Mezzanine","EL494X","Elevator"
"Howard Beach","Mezzanine","Mezzanine","EL493X","Elevator"
"Howard Beach","Mezzanine","Mezzanine","EL492X","Elevator"
"Howard Beach","pid_115","Platform","EL495X","Elevator"
"Howard Beach","pid_115","Platform","A-north","Train"
"Howard Beach","pid_115","Platform","EL494X","Elevator"
"Howard Beach","pid_116","Platform","EL493X","Elevator"
"Howard Beach","pid_116","Platform","A-south","Train"
"Howard Beach","pid_117","Platform","EL492X","Elevator"
"Howard Beach","pid_117","Platform","A-far rockaway","Train"
"World Trade Center","EL326","Elevator","World Trade Center","Street"
"World Trade Center","EL23X","Elevator","World Trade Center","Street"
"World Trade Center","EL326","Elevator","pid_118","Platform"
"World Trade Center","pid_118","Platform","E-north","Train"
"World Trade Center","EL23X","Elevator","pid_118","Platform"
"34 St - Penn","EL225","Elevator","34 St - Penn","Street"
"34 St - Penn","EL34X","Elevator","34 St - Penn","Street"
"34 St - Penn","EL225","Elevator","pid_119","Platform"
"34 St - Penn","pid_119","Platform","C-north","Train"
"34 St - Penn","pid_119","Platform","E-north","Train"
"34 St - Penn","pid_119","Platform","EL226","Elevator"
"34 St - Penn","IND Mezzanine","IND Mezzanine","EL226","Elevator"
"34 St - Penn","IND Mezzanine","IND Mezzanine","EL227","Elevator"
"34 St - Penn","IND Mezzanine","IND Mezzanine","EL228","Elevator"
"34 St - Penn","IND Mezzanine","IND Mezzanine","IRT Mezzanine","IRT Mezzanine"
"34 St - Penn","pid_120","Platform","EL227","Elevator"
"34 St - Penn","pid_120","Platform","A-north","Train"
"34 St - Penn","pid_120","Platform","A-south","Train"
"34 St - Penn","pid_121","Platform","EL228","Elevator"
"34 St - Penn","pid_121","Platform","C-south","Train"
"34 St - Penn","pid_121","Platform","E-south","Train"
"34 St - Penn","EL34X","Elevator","IRT Mezzanine","IRT Mezzanine"
"34 St - Penn","IRT Mezzanine","IRT Mezzanine","EL216","Elevator"
"34 St - Penn","IRT Mezzanine","IRT Mezzanine","EL215","Elevator"
"34 St - Penn","IRT Mezzanine","IRT Mezzanine","EL214","Elevator"
"34 St - Penn","pid_122","Platform","EL216","Elevator"
"34 St - Penn","pid_122","Platform","1-south","Train"
"34 St - Penn","pid_123","Platform","EL215","Elevator"
"34 St - Penn","pid_123","Platform","2-north","Train"
"34 St - Penn","pid_123","Platform","2-south","Train"
"34 St - Penn","pid_123","Platform","3-north","Train"
"34 St - Penn","pid_123","Platform","3-south","Train"
"34 St - Penn","pid_124","Platform","EL214","Elevator"
"34 St - Penn","pid_124","Platform","1-north","Train"
"Lexington Av / 63 St","EL401","Elevator","Lexington Av / 63 St","Street"
"Lexington Av / 63 St","EL444","Elevator","Lexington Av / 63 St","Street"
"Lexington Av / 63 St","EL401","Elevator","Mezzanine 401","Mezzanine 401"
"Lexington Av / 63 St","Mezzanine 401","Mezzanine 401","EL402","Elevator"
"Lexington Av / 63 St","EL444","Elevator","Mezzanine 444","Mezzanine 444"
"Lexington Av / 63 St","Mezzanine 444","Mezzanine 444","EL440","Elevator"
"Lexington Av / 63 St","Mezzanine 444","Mezzanine 444","EL441","Elevator"
"Lexington Av / 63 St","Mezzanine 444","Mezzanine 444","EL442","Elevator"
"Lexington Av / 63 St","Mezzanine 444","Mezzanine 444","EL443","Elevator"
"Lexington Av / 63 St","pid_125","Platform","EL402","Elevator"
"Lexington Av / 63 St","pid_125","Platform","F-north","Train"
"Lexington Av / 63 St","pid_125","Platform","Q-north","Train"
"Lexington Av / 63 St","pid_125","Platform","F-south","Train"
"Lexington Av / 63 St","pid_125","Platform","Q-south","Train"
"Lexington Av / 63 St","pid_125","Platform","EL440","Elevator"
"Lexington Av / 63 St","pid_125","Platform","EL441","Elevator"
"Lexington Av / 63 St","pid_125","Platform","EL442","Elevator"
"Lexington Av / 63 St","pid_125","Platform","EL443","Elevator"
"Kings Highway","EL761","Elevator","pid_126","Platform"
"Kings Highway","pid_126","Platform","H-brigton beach","Train"
"Kings Highway","pid_126","Platform","Q-coney island","Train"
"Kings Highway","pid_126","Platform","B-brighton beach","Train"
"Broadway-Lafayette/Bleecker St","EL328","Elevator","Broadway-Lafayette/Bleecker St","Street"
"Broadway-Lafayette/Bleecker St","EL328","Elevator","Mezzanine A","Mezzanine A"
"Broadway-Lafayette/Bleecker St","Mezzanine A","Mezzanine A","pid_127","Platform"
"Broadway-Lafayette/Bleecker St","Mezzanine A","Mezzanine A","EL329","Elevator"
"Broadway-Lafayette/Bleecker St","Mezzanine A","Mezzanine A","EL330","Elevator"
"Broadway-Lafayette/Bleecker St","pid_127","Platform","6-south","Train"
"Broadway-Lafayette/Bleecker St","pid_128","Platform","EL329","Elevator"
"Broadway-Lafayette/Bleecker St","pid_128","Platform","B-north","Train"
"Broadway-Lafayette/Bleecker St","pid_128","Platform","D-north","Train"
"Broadway-Lafayette/Bleecker St","pid_128","Platform","F-north","Train"
"Broadway-Lafayette/Bleecker St","pid_128","Platform","M-north","Train"
"Broadway-Lafayette/Bleecker St","pid_128","Platform","EL331","Elevator"
"Broadway-Lafayette/Bleecker St","Mezzanine B","Mezzanine B","EL331","Elevator"
"Broadway-Lafayette/Bleecker St","Mezzanine B","Mezzanine B","pid_129","Platform"
"Broadway-Lafayette/Bleecker St","Mezzanine B","Mezzanine B","EL332","Elevator"
"Broadway-Lafayette/Bleecker St","pid_129","Platform","6-north","Train"
"Broadway-Lafayette/Bleecker St","pid_130","Platform","EL332","Elevator"
"Broadway-Lafayette/Bleecker St","pid_130","Platform","B-south","Train"
"Broadway-Lafayette/Bleecker St","pid_130","Platform","D-south","Train"
"Broadway-Lafayette/Bleecker St","pid_130","Platform","F-south","Train"
"Broadway-Lafayette/Bleecker St","pid_130","Platform","M-south","Train"
"Broadway-Lafayette/Bleecker St","pid_130","Platform","EL330","Elevator"
"42 St - Port Authority Bus Terminal","EL288X","Elevator","42 St - Port Authority Bus Terminal","Street"
"42 St - Port Authority Bus Terminal","EL289X","Elevator","42 St - Port Authority Bus Terminal","Street"
"42 St - Port Authority Bus Terminal","EL291X","Elevator","42 St - Port Authority Bus Terminal","Street"
"42 St - Port Authority Bus Terminal","EL288X","Elevator","Mezzanine","Mezzanine"
"42 St - Port Authority Bus Terminal","EL289X","Elevator","Mezzanine","Mezzanine"
"42 St - Port Authority Bus Terminal","Mezzanine","Mezzanine","pid_131","Platform"
"42 St - Port Authority Bus Terminal","Mezzanine","Mezzanine","pid_132","Platform"
"42 St - Port Authority Bus Terminal","Mezzanine","Mezzanine","EL290X","Elevator"
"42 St - Port Authority Bus Terminal","pid_131","Platform","A-north","Train"
"42 St - Port Authority Bus Terminal","pid_131","Platform","C-north","Train"
"42 St - Port Authority Bus Terminal","pid_131","Platform","E-north","Train"
"42 St - Port Authority Bus Terminal","pid_132","Platform","A-south","Train"
"42 St - Port Authority Bus Terminal","pid_132","Platform","C-south","Train"
"42 St - Port Authority Bus Terminal","pid_132","Platform","E-south","Train"
"42 St - Port Authority Bus Terminal","EL291X","Elevator","Upper Mezzanine","Upper Mezzanine"
"42 St - Port Authority Bus Terminal","Upper Mezzanine","Upper Mezzanine","EL290X","Elevator"
"Times Sq - 42 St","EL231X","Elevator","Times Sq - 42 St","Street"
"Times Sq - 42 St","pid_133","Platform","EL232X","Elevator"
"Times Sq - 42 St","pid_133","Platform","7-east","Train"
"Times Sq - 42 St","pid_133","Platform","7-west","Train"
"Times Sq - 42 St","pid_134","Platform","EL233","Elevator"
"Times Sq - 42 St","pid_134","Platform","1-north","Train"
"Times Sq - 42 St","pid_134","Platform","2-north","Train"
"Times Sq - 42 St","pid_134","Platform","3-north","Train"
"Times Sq - 42 St","pid_135","Platform","EL229","Elevator"
"Times Sq - 42 St","pid_135","Platform","N-south","Train"
"Times Sq - 42 St","pid_135","Platform","Q-south","Train"
"Times Sq - 42 St","pid_135","Platform","R-south","Train"
"Times Sq - 42 St","pid_135","Platform","W-south","Train"
"Times Sq - 42 St","pid_136","Platform","EL230","Elevator"
"Times Sq - 42 St","pid_136","Platform","N-north","Train"
"Times Sq - 42 St","pid_136","Platform","Q-north","Train"
"Times Sq - 42 St","pid_136","Platform","R-north","Train"
"Times Sq - 42 St","pid_136","Platform","W-north","Train"
"West 4 St - Washington Sq","EL333","Elevator","West 4 St - Washington Sq","Street"
"West 4 St - Washington Sq","EL333","Elevator","Mezzanine","Mezzanine"
"West 4 St - Washington Sq","Mezzanine","Mezzanine","pid_137","Platform"
"West 4 St - Washington Sq","Mezzanine","Mezzanine","EL334","Elevator"
"West 4 St - Washington Sq","pid_137","Platform","A-south","Train"
"West 4 St - Washington Sq","pid_137","Platform","C-south","Train"
"West 4 St - Washington Sq","pid_137","Platform","E-south","Train"
"West 4 St - Washington Sq","pid_137","Platform","A-north","Train"
"West 4 St - Washington Sq","pid_137","Platform","C-north","Train"
"West 4 St - Washington Sq","pid_137","Platform","E-north","Train"
"West 4 St - Washington Sq","Lower Mezzanine","Lower Mezzanine","EL334","Elevator"
"West 4 St - Washington Sq","Lower Mezzanine","Lower Mezzanine","EL335","Elevator"
"West 4 St - Washington Sq","pid_139","Platform","EL334","Elevator"
"West 4 St - Washington Sq","pid_138","Platform","EL335","Elevator"
"West 4 St - Washington Sq","pid_138","Platform","B-north","Train"
"West 4 St - Washington Sq","pid_138","Platform","D-north","Train"
"West 4 St - Washington Sq","pid_138","Platform","F-north","Train"
"West 4 St - Washington Sq","pid_138","Platform","M-north","Train"
"West 4 St - Washington Sq","pid_139","Platform","B-south","Train"
"West 4 St - Washington Sq","pid_139","Platform","D-south","Train"
"West 4 St - Washington Sq","pid_139","Platform","F-south","Train"
"West 4 St - Washington Sq","pid_139","Platform","M-south","Train"
"59 St - Columbus Cir","EL276X","Elevator","59 St - Columbus Cir","Street"
"59 St - Columbus Cir","EL280","Elevator","59 St - Columbus Cir","Street"
"59 St - Columbus Cir","EL276X","Elevator","Lower Mezzanine","Lower Mezzanine"
"59 St - Columbus Cir","Lower Mezzanine","Lower Mezzanine","pid_140","Platform"
"59 St - Columbus Cir","Lower Mezzanine","Lower Mezzanine","EL277","Elevator"
"59 St - Columbus Cir","Lower Mezzanine","Lower Mezzanine","EL278","Elevator"
"59 St - Columbus Cir","pid_140","Platform","1-south","Train"
"59 St - Columbus Cir","pid_141","Platform","EL277","Elevator"
"59 St - Columbus Cir","pid_141","Platform","A-south","Train"
"59 St - Columbus Cir","pid_141","Platform","B-south","Train"
"59 St - Columbus Cir","pid_141","Platform","C-south","Train"
"59 St - Columbus Cir","pid_141","Platform","D-south","Train"
"59 St - Columbus Cir","EL280","Elevator","Mezzanine","Mezzanine"
"59 St - Columbus Cir","Mezzanine","Mezzanine","pid_142","Platform"
"59 St - Columbus Cir","Mezzanine","Mezzanine","EL279","Elevator"
"59 St - Columbus Cir","pid_142","Platform","1-north","Train"
"59 St - Columbus Cir","pid_143","Platform","EL279","Elevator"
"59 St - Columbus Cir","pid_143","Platform","A-north","Train"
"59 St - Columbus Cir","pid_143","Platform","B-north","Train"
"59 St - Columbus Cir","pid_143","Platform","C-north","Train"
"59 St - Columbus Cir","pid_143","Platform","D-north","Train"
"59 St - Columbus Cir","pid_143","Platform","EL278","Elevator"
"WTC Cortlandt St","EL736","Elevator","WTC Cortlandt St","Street"
"WTC Cortlandt St","EL736","Elevator","pid_144","Platform"
"WTC Cortlandt St","pid_144","Platform","1-south","Train"
"WTC Cortlandt St","pid_144","Platform","EL713","Elevator"
"WTC Cortlandt St","Mezzanine","Mezzanine","EL713","Elevator"
"WTC Cortlandt St","Mezzanine","Mezzanine","EL712","Elevator"
"WTC Cortlandt St","Mezzanine","Mezzanine","EL13X","Elevator"
"WTC Cortlandt St","Mezzanine","Mezzanine","EL12X","Elevator"
"WTC Cortlandt St","pid_145","Platform","EL712","Elevator"
"WTC Cortlandt St","pid_145","Platform","1-north","Train"
"WTC Cortlandt St","Path Mezzanine","Path Mezzanine","EL13X","Elevator"
"WTC Cortlandt St","Path Mezzanine","Path Mezzanine","EL12X","Elevator"
"WTC Cortlandt St","Path Mezzanine","Path Mezzanine","EL11X","Elevator"
"WTC Cortlandt St","Mezzanine B","Mezzanine B","EL12X","Elevator"
"WTC Cortlandt St","Mezzanine B","Mezzanine B","EL11X","Elevator"
"Cortlandt St","EL18X","Elevator","Cortlandt St","Street"
"Cortlandt St","EL14X","Elevator","Cortlandt St","Street"
"Cortlandt St","EL22X","Elevator","Cortlandt St","Street"
"Cortlandt St","EL18X","Elevator","Mezzanine C1M","Mezzanine C1M"
"Cortlandt St","Mezzanine C1M","Mezzanine C1M","EL727X","Elevator"
"Cortlandt St","Mezzanine C1M","Mezzanine C1M","EL726X","Elevator"
"Cortlandt St","Mezzanine C1M","Mezzanine C1M","EL16X","Elevator"
"Cortlandt St","Mezzanine C1M","Mezzanine C1M","EL17X","Elevator"
"Cortlandt St","pid_146","Platform","EL727X","Elevator"
"Cortlandt St","pid_146","Platform","R-north","Train"
"Cortlandt St","pid_146","Platform","W-north","Train"
"Cortlandt St","pid_147","Platform","EL726X","Elevator"
"Cortlandt St","pid_147","Platform","R-south","Train"
"Cortlandt St","pid_147","Platform","W-south","Train"
"Cortlandt St","EL14X","Elevator","Mezzanine C1","Mezzanine C1"
"Cortlandt St","EL22X","Elevator","Mezzanine C1","Mezzanine C1"
"Cortlandt St","Mezzanine C1","Mezzanine C1","EL16X","Elevator"
"Cortlandt St","Mezzanine C1","Mezzanine C1","EL17X","Elevator"
"Cortlandt St","EL16X","Elevator","Mezzanine C2M","Mezzanine C2M"
"Cortlandt St","EL16X","Elevator","Mezzanine C2","Mezzanine C2"
"Cortlandt St","Mezzanine C2M","Mezzanine C2M","EL17X","Elevator"
"Cortlandt St","Mezzanine C2","Mezzanine C2","EL17X","Elevator"
"Atlantic Av-Barclays Ctr","EL301","Elevator","Mezzanine A","Mezzanine A"
"Atlantic Av-Barclays Ctr","Mezzanine A","Mezzanine A","EL302","Elevator"
"Atlantic Av-Barclays Ctr","Mezzanine A","Mezzanine A","EL303","Elevator"
"Atlantic Av-Barclays Ctr","Mezzanine A","Mezzanine A","EL304","Elevator"
"Atlantic Av-Barclays Ctr","pid_148","Platform","EL302","Elevator"
"Atlantic Av-Barclays Ctr","pid_148","Platform","D-south","Train"
"Atlantic Av-Barclays Ctr","pid_148","Platform","R-south","Train"
"Atlantic Av-Barclays Ctr","pid_148","Platform","N-south","Train"
"Atlantic Av-Barclays Ctr","pid_149","Platform","EL303","Elevator"
"Atlantic Av-Barclays Ctr","pid_149","Platform","D-north","Train"
"Atlantic Av-Barclays Ctr","pid_149","Platform","R-north","Train"
"Atlantic Av-Barclays Ctr","pid_149","Platform","N-north","Train"
"Atlantic Av-Barclays Ctr","Mezzanine","Mezzanine","EL304","Elevator"
"Atlantic Av-Barclays Ctr","Mezzanine","Mezzanine","EL307","Elevator"
"Atlantic Av-Barclays Ctr","Mezzanine","Mezzanine","EL305","Elevator"
"Atlantic Av-Barclays Ctr","Mezzanine","Mezzanine","EL306","Elevator"
"Atlantic Av-Barclays Ctr","pid_150","Platform","EL307","Elevator"
"Atlantic Av-Barclays Ctr","pid_150","Platform","B-north","Train"
"Atlantic Av-Barclays Ctr","pid_150","Platform","Q-north","Train"
"Atlantic Av-Barclays Ctr","pid_150","Platform","B-south","Train"
"Atlantic Av-Barclays Ctr","pid_150","Platform","Q-south","Train"
"Atlantic Av-Barclays Ctr","pid_151","Platform","EL305","Elevator"
"Atlantic Av-Barclays Ctr","pid_151","Platform","4-north","Train"
"Atlantic Av-Barclays Ctr","pid_151","Platform","5-north","Train"
"Atlantic Av-Barclays Ctr","pid_151","Platform","4-south","Train"
"Atlantic Av-Barclays Ctr","pid_151","Platform","5-south","Train"
"Atlantic Av-Barclays Ctr","pid_152","Platform","EL306","Elevator"
"Atlantic Av-Barclays Ctr","pid_152","Platform","3-north","Train"
"Atlantic Av-Barclays Ctr","pid_152","Platform","2-north","Train"
"Atlantic Av-Barclays Ctr","EL300X","Elevator","pid_152","Platform"
"Atlantic Av-Barclays Ctr","EL737X","Elevator","pid_152","Platform"
"Dekalb Av","EL370","Elevator","Dekalb Av","Street"
"Dekalb Av","EL370","Elevator","Mezzanine","Mezzanine"
"Dekalb Av","Mezzanine","Mezzanine","EL372","Elevator"
"Dekalb Av","Mezzanine","Mezzanine","EL371","Elevator"
"Dekalb Av","pid_153","Platform","EL372","Elevator"
"Dekalb Av","pid_153","Platform","B-brighton beach, coney island, bay ridge","Train"
"Dekalb Av","pid_153","Platform","R-brighton beach, coney island, bay ridge","Train"
"Dekalb Av","pid_153","Platform","Q-brighton beach, coney island, bay ridge","Train"
"Dekalb Av","pid_154","Platform","EL371","Elevator"
"Dekalb Av","pid_154","Platform","B-manhattan","Train"
"Dekalb Av","pid_154","Platform","R-manhattan","Train"
"Dekalb Av","pid_154","Platform","Q-manhattan","Train"
"Bowling Green","EL710","Elevator","Bowling Green","Street"
"Bowling Green","EL711","Elevator","Bowling Green","Street"
"Bowling Green","EL710","Elevator","Upper Mezzanine","Upper Mezzanine"
"Bowling Green","Upper Mezzanine","Upper Mezzanine","pid_155","Platform"
"Bowling Green","pid_155","Platform","4-north","Train"
"Bowling Green","pid_155","Platform","5-north","Train"
"Bowling Green","EL711","Elevator","Lower Mezzanine","Lower Mezzanine"
"Bowling Green","Lower Mezzanine","Lower Mezzanine","pid_156","Platform"
"Bowling Green","pid_156","Platform","4-south","Train"
"Bowling Green","pid_156","Platform","5-south","Train"
"74 St - Broadway / Roosevelt Av","Mezzanine","Mezzanine","EL423","Elevator"
"74 St - Broadway / Roosevelt Av","Mezzanine","Mezzanine","pid_158","Platform"
"74 St - Broadway / Roosevelt Av","EL420","Elevator","Mezzanine","Mezzanine"
"74 St - Broadway / Roosevelt Av","pid_157","Platform","EL423","Elevator"
"74 St - Broadway / Roosevelt Av","pid_157","Platform","7-south","Train"
"74 St - Broadway / Roosevelt Av","pid_158","Platform","7-north","Train"
"74 St - Broadway / Roosevelt Av","Lower Mezzanine","Lower Mezzanine","EL422","Elevator"
"74 St - Broadway / Roosevelt Av","Lower Mezzanine","Lower Mezzanine","EL421","Elevator"
"74 St - Broadway / Roosevelt Av","EL420","Elevator","Lower Mezzanine","Lower Mezzanine"
"74 St - Broadway / Roosevelt Av","pid_159","Platform","EL422","Elevator"
"74 St - Broadway / Roosevelt Av","pid_159","Platform","E-north","Train"
"74 St - Broadway / Roosevelt Av","pid_159","Platform","F-north","Train"
"74 St - Broadway / Roosevelt Av","pid_159","Platform","M-north","Train"
"74 St - Broadway / Roosevelt Av","pid_159","Platform","R-north","Train"
"74 St - Broadway / Roosevelt Av","pid_160","Platform","EL421","Elevator"
"74 St - Broadway / Roosevelt Av","pid_160","Platform","E-south","Train"
"74 St - Broadway / Roosevelt Av","pid_160","Platform","F-south","Train"
"74 St - Broadway / Roosevelt Av","pid_160","Platform","M-south","Train"
"74 St - Broadway / Roosevelt Av","pid_160","Platform","R-south","Train"
"74 St - Broadway / Roosevelt Av","EL420","Elevator","74 St - Broadway / Roosevelt Av","Street"
"74 St - Broadway / Roosevelt Av","pid_161","Platform","EL420","Elevator"
"74 St - Broadway / Roosevelt Av","pid_161","Platform","7-flushing main st","Train"
"Fulton St","Concourse","Concourse","EL716","Elevator"
"Fulton St","EL717X","Elevator","Concourse","Concourse"
"Fulton St","Concourse","Concourse","EL720","Elevator"
"Fulton St","EL728X","Elevator","Concourse","Concourse"
"Fulton St","Concourse","Concourse","EL729X","Elevator"
"Fulton St","pid_162","Platform","EL716","Elevator"
"Fulton St","pid_162","Platform","4-south","Train"
"Fulton St","pid_162","Platform","5-south","Train"
"Fulton St","pid_162","Platform","EL729X","Elevator"
"Fulton St","EL717X","Elevator","Fulton St","Street"
"Fulton St","EL718X","Elevator","Fulton St","Street"
"Fulton St","EL722","Elevator","Fulton St","Street"
"Fulton St","EL723","Elevator","Fulton St","Street"
"Fulton St","EL728X","Elevator","Fulton St","Street"
"Fulton St","EL733X","Elevator","Fulton St","Street"
"Fulton St","EL717X","Elevator","pid_163","Platform"
"Fulton St","pid_163","Platform","5-north","Train"
"Fulton St","pid_163","Platform","4-north","Train"
"Fulton St","EL718X","Elevator","pid_163","Platform"
"Fulton St","EL728X","Elevator","pid_163","Platform"
"Fulton St","Nassau St Mezzanine","Nassau St Mezzanine","EL719","Elevator"
"Fulton St","Nassau St Mezzanine","Nassau St Mezzanine","pid_165","Platform"
"Fulton St","EL722","Elevator","Nassau St Mezzanine","Nassau St Mezzanine"
"Fulton St","pid_164","Platform","EL719","Elevator"
"Fulton St","pid_164","Platform","A-south","Train"
"Fulton St","pid_164","Platform","C-south","Train"
"Fulton St","pid_164","Platform","A-north","Train"
"Fulton St","pid_164","Platform","C-north","Train"
"Fulton St","pid_164","Platform","EL720","Elevator"
"Fulton St","pid_164","Platform","EL721","Elevator"
"Fulton St","2/3 Mezzanine and Retail","2/3 Mezzanine and Retail","EL721","Elevator"
"Fulton St","pid_165","Platform","J-south","Train"
"Fulton St","pid_165","Platform","Z-south","Train"
"Fulton St","EL723","Elevator","William St Mezzanine","William St Mezzanine"
"Fulton St","William St Mezzanine","William St Mezzanine","EL732","Elevator"
"Fulton St","pid_166","Platform","EL732","Elevator"
"Fulton St","pid_166","Platform","2-south","Train"
"Fulton St","pid_166","Platform","3-north","Train"
"Fulton St","pid_166","Platform","2-north","Train"
"Fulton St","pid_166","Platform","3-south","Train"
"Fulton St","EL733X","Elevator","Upper retail","Upper retail"
"62 St / New Utrecht","pid_167","Platform","EL739","Elevator"
"62 St / New Utrecht","pid_167","Platform","N-south","Train"
"50 St","EL207X","Elevator","50 St","Street"
"50 St","EL207X","Elevator","pid_168","Platform"
"50 St","pid_168","Platform","C-south","Train"
"50 St","pid_168","Platform","EL208X","Elevator"
"50 St","Connection","Connection","EL208X","Elevator"
"50 St","pid_169","Platform","EL208X","Elevator"
"50 St","pid_169","Platform","E-south","Train"
"Crown Hts - Utica Av","pid_170","Platform","EL323","Elevator"
"Crown Hts - Utica Av","pid_170","Platform","3-north","Train"
"Crown Hts - Utica Av","pid_170","Platform","3-south","Train"
"Crown Hts - Utica Av","pid_170","Platform","4-north","Train"
"Crown Hts - Utica Av","pid_170","Platform","4-south","Train"
"Franklin Av","EL339","Elevator","Franklin Av","Street"
"Franklin Av","EL339","Elevator","pid_171","Platform"
"Franklin Av","pid_171","Platform","C-euclid","Train"
"Franklin Av","pid_171","Platform","S-euclid","Train"
"Franklin Av","EL339","Elevator","Footbridge","Footbridge"
"Franklin Av","Footbridge","Footbridge","EL340","Elevator"
"Franklin Av","pid_172","Platform","EL340","Elevator"
"Franklin Av","pid_172","Platform","C-manhattan","Train"
"Marcy Av","EL392","Elevator","pid_173","Platform"
"Marcy Av","pid_173","Platform","J-jamaica center","Train"
"Marcy Av","pid_173","Platform","M-jamaica center","Train"
"Marcy Av","pid_173","Platform","Z-jamaica center","Train"
"Coney Island Stillwell Av","Overpass","Overpass","EL701","Elevator"
"Coney Island Stillwell Av","Overpass","Overpass","EL702","Elevator"
"Coney Island Stillwell Av","pid_174","Platform","EL701","Elevator"
"Coney Island Stillwell Av","pid_174","Platform","N-north","Train"
"Coney Island Stillwell Av","pid_174","Platform","N-south","Train"
"Coney Island Stillwell Av","pid_174","Platform","Q-north","Train"
"Coney Island Stillwell Av","pid_174","Platform","Q-south","Train"
"Coney Island Stillwell Av","pid_175","Platform","EL702","Elevator"
"Coney Island Stillwell Av","pid_175","Platform","D-north","Train"
"Coney Island Stillwell Av","pid_175","Platform","D-South","Train"
"Coney Island Stillwell Av","pid_175","Platform","F-north","Train"
"Coney Island Stillwell Av","pid_175","Platform","F-south","Train"
"Euclid Av","pid_176","Platform","EL343","Elevator"
"Euclid Av","pid_176","Platform","A-queens","Train"
"Euclid Av","pid_176","Platform","C-queens","Train"
"Forest Hills - 71 Av","pid_177","Platform","EL438","Elevator"
"Forest Hills - 71 Av","pid_177","Platform","M-jamaica","Train"
"Forest Hills - 71 Av","pid_177","Platform","F-jamaica","Train"
"Forest Hills - 71 Av","pid_177","Platform","R-jamaica","Train"
"Forest Hills - 71 Av","pid_177","Platform","E-jamaica","Train"
"Jay St - MetroTech","pid_178","Platform","EL708","Elevator"
"Jay St - MetroTech","pid_178","Platform","F-coney island","Train"
"Jay St - MetroTech","pid_178","Platform","A-queens","Train"
"Jay St - MetroTech","pid_178","Platform","C-queens","Train"
"Kingsbridge Road","pid_179","Platform","EL190","Elevator"
"Kingsbridge Road","pid_179","Platform","B-bedford pk and norwood 205 st","Train"
"Kingsbridge Road","pid_179","Platform","E-bedford pk and norwood 205 st","Train"
"Utica Av","pid_180","Platform","EL346","Elevator"
"Utica Av","pid_180","Platform","C-euclid","Train"
"Utica Av","pid_180","Platform","A-queens","Train"
"Court Square","pid_181","Platform","EL445X","Elevator"
"Court Square","pid_181","Platform","7-flushing main st","Train"
"Church Av","pid_182","Platform","EL374","Elevator"
"Church Av","pid_182","Platform","F-manhattan","Train"
"Church Av","pid_182","Platform","G-queens","Train"
"Church Av","pid_183","Platform","EL375","Elevator"
"Church Av","pid_183","Platform","F-coney","Train"
"Church Av","pid_183","Platform","G-coney","Train"
"51 St","Mezzanine","Mezzanine","EL375","Elevator"
"51 St","pid_185","Platform","EL375","Elevator"
"51 St","Mezzanine","Mezzanine","EL375","Elevator"
"51 St","pid_186","Platform","EL375","Elevator"
"Brooklyn Bridge - City Hall","pid_184","Platform","EL315","Elevator"
"Brooklyn Bridge - City Hall","pid_184","Platform","4-south","Train"
"Brooklyn Bridge - City Hall","pid_184","Platform","5-south","Train"
"Brooklyn Bridge - City Hall","pid_184","Platform","6-south","Train"
"50 St","pid_185","Platform","F-coney","Train"
"50 St","pid_185","Platform","G-coney","Train"
"51 St","pid_186","Platform","F-coney","Train"
"51 St","pid_186","Platform","G-coney","Train"
"Lexington Av / 53 St and 51 St","EL203X","Elevator","Lexington Av / 53 St and 51 St","Street"
"Lexington Av / 53 St and 51 St","EL203X","Elevator","Mezzanine","Mezzanine"
"Lexington Av / 53 St and 51 St","Mezzanine","Mezzanine","EL245","Elevator"
"Lexington Av / 53 St and 51 St","Mezzanine","Mezzanine","EL201","Elevator"
"Lexington Av / 53 St and 51 St","Mezzanine","Mezzanine","EL202","Elevator"
"Lexington Av / 53 St and 51 St","pid_187","Platform","EL245","Elevator"
"Lexington Av / 53 St and 51 St","pid_187","Platform","E-north","Train"
"Lexington Av / 53 St and 51 St","pid_187","Platform","E-south","Train"
"Lexington Av / 53 St and 51 St","pid_187","Platform","M-north","Train"
"Lexington Av / 53 St and 51 St","pid_187","Platform","M-south","Train"
"Lexington Av / 53 St and 51 St","pid_188","Platform","EL201","Elevator"
"Lexington Av / 53 St and 51 St","pid_188","Platform","6-south","Train"
"Lexington Av / 53 St and 51 St","pid_189","Platform","EL202","Elevator"
"Lexington Av / 53 St and 51 St","pid_189","Platform","6-north","Train"
"168 St","pid_190","Platform","EL140","Elevator"
"168 St","pid_190","Platform","C-north","Train"
"168 St","pid_190","Platform","A-north","Train"
"179 St - Jamaica","pid_191","Platform","EL433","Elevator"
"179 St - Jamaica","pid_191","Platform","F-jamaica","Train"
"161 St - Yankee Stadium","pid_192","Platform","EL135","Elevator"
"161 St - Yankee Stadium","pid_192","Platform","B-bedford park blvd and norwood 205 st","Train"
"161 St - Yankee Stadium","pid_192","Platform","D-bedford park blvd and norwood 205 st","Train"
"34 St - Hudson Yards","EL603","Elevator","34 St - Hudson Yards","Street"
"34 St - Hudson Yards","EL603","Elevator","Upper Mezzanine","Upper Mezzanine"
"34 St - Hudson Yards","Upper Mezzanine","Upper Mezzanine","EL601","Elevator"
"34 St - Hudson Yards","Upper Mezzanine","Upper Mezzanine","EL602","Elevator"
