ADA,borough,equipment,equipmenttype,estimatedreturntoservice,ismaintenanceoutage,isupcomingoutage,outagedate,reason,serving,station,trainno,actualreturntoservice
N,QNS,ES455,ES,09/01/2020  3:00:00 PM,N,N,09/01/2020  7:35:00 AM,PLANNED WORK,Street to Mezzanine,Flushing Main St,7,2020-09-01 13:12:46.329007
N,MN,ES630,ES,09/01/2020  4:00:00 PM,N,N,09/01/2020  7:42:00 AM,UNDER INVESTIGATION,Upper Mezzanine to Street,34 St - Hudson Yards,7,2020-09-01 13:22:46.885928
N,MN,ES296,ES,09/01/2020  5:00:00 PM,N,N,09/01/2020  8:27:00 AM,UNDER INVESTIGATION,Mezzanine to Street,72 St / 2 Av,Q,2020-09-01 13:27:47.202611
Y,BKN,EL359,EL,09/01/2020  6:00:00 PM,N,N,09/01/2020  9:15:00 AM,UNDER INVESTIGATION,Street to Southbound platform,Bedford Av,L,2020-09-01 13:37:47.923494
N,QNS,ES441,ES,09/01/2020  4:00:00 PM,N,N,09/01/2020  8:15:00 AM,PLANNED WORK,Mezzanine to Platform,Jamaica Center Parsons/Archer,E/J/Z,2020-09-01 13:37:47.923494
N,BX,ES114,ES,09/01/2020  2:00:00 PM,N,N,09/01/2020  5:41:00 AM,UNDER INVESTIGATION,Lower Mezzanine to Upper Mezzanine,161 St - Yankee Stadium,4/B/D,2020-09-01 13:52:48.719530
N,MN,ES256,ES,09/01/2020  6:00:00 PM,N,N,09/01/2020  9:18:00 AM,UNDER INVESTIGATION,Upper Mezzanine to Street,42 St - Grand Central,4/5/6/7,2020-09-01 13:52:48.719530
Y,QNS,EL462,EL,09/01/2020  3:00:00 PM,N,N,09/01/2020  7:30:00 AM,PLANNED WORK,Lefferts Blvd & Liberty Ave to Mezzanine for service in both directions,Ozone Park / Lefferts Blvd,A,2020-09-01 13:57:49.085135
N,MN,ES633,ES,09/01/2020  3:00:00 PM,N,N,09/01/2020  6:20:00 AM,REPAIR,Lower Mezzanine to Upper Mezzanine,34 St - Hudson Yards,7,2020-09-01 14:07:49.582227
Y,MN,EL402,EL,09/01/2020  3:00:00 PM,N,N,09/01/2020  6:44:00 AM,UNDER INVESTIGATION,Lexington Ave entrance and F/Q Platform for service in both directions,Lexington Av / 63 St,F/Q,2020-09-01 14:17:50.099417
N,MN,ES364,ES,09/01/2020  5:00:00 PM,N,N,09/01/2020  9:20:00 AM,PLANNED WORK,Lower Mezzanine to Southbound Platform,Fulton St,2/3/4/5/A/C/J/Z,2020-09-01 14:42:51.928875
N,MN,ES229,ES,09/01/2020  5:00:00 PM,N,N,09/01/2020  8:24:00 AM,UNDER INVESTIGATION,Northbound Platform to Mezzanine,34 St - Herald Sq,B/D/F/M/N/Q/R/W,2020-09-01 15:02:52.984503
Y,QNS,EL406,EL,09/01/2020  4:00:00 PM,N,N,09/01/2020  7:45:00 AM,PLANNED WORK,Mezzanine to Manhattan bound Platform,21 St - Queensbridge,F,2020-09-01 15:17:53.759348
N,MN,ES240,ES,09/10/2020  7:00:00 AM,N,N,09/01/2020  2:45:00 AM,REPAIR,Southbound Platform to Mezzanine,5 Av / 53 St,E/M,2020-09-01 15:22:54.062838
Y,QNS,EL463,EL,09/01/2020  4:00:00 PM,N,N,09/01/2020 10:53:00 AM,PLANNED WORK,Mezzanine to Platform for service in both directions,Ozone Park / Lefferts Blvd,A,2020-09-01 15:22:54.062838
Y,MN,EL145,EL,09/01/2020  5:00:00 PM,N,N,09/01/2020  9:00:00 AM,INSPECTION,Street to Southbound platform,96 St,1/2/3,2020-09-01 15:52:55.667121
Y,BKN,EL359,EL,09/01/2020  7:00:00 PM,N,N,09/01/2020 10:50:00 AM,PLANNED WORK,Street to Southbound platform,Bedford Av,L,2020-09-01 16:12:56.397321
Y,BKN,EL358,EL,09/01/2020  8:00:00 PM,N,N,09/01/2020 12:00:00 PM,PLANNED WORK,Street to Northbound platform,Bedford Av,L,2020-09-01 16:32:57.273561
Y,MN,EL224,EL,09/01/2020  9:00:00 PM,N,N,09/01/2020 12:07:00 PM,UNDER INVESTIGATION,Mezzanine to Platform for L service in both directions,8 Av - 14 St,A/C/E/L,2020-09-01 17:12:59.029319
N,QNS,ES444,ES,09/01/2020  9:00:00 PM,N,N,09/01/2020 12:17:00 PM,REPAIR,Center Island Upper Platform to Mezzanine,Jamaica Center Parsons/Archer,E/J/Z,2020-09-01 17:12:59.029319
N,MN,EL117,EL,09/01/2020  8:00:00 PM,N,N,09/01/2020 11:36:00 AM,REPAIR,Lower Mezzanine to Upper Mezzanine (below 184 St & Ft Washington Ave),181 St,A,2020-09-01 17:17:59.219272
Y,MN,EL213,EL,09/01/2020  7:00:00 PM,N,N,09/01/2020 10:41:00 AM,UNDER INVESTIGATION,6th Ave & 34 St entrance (SW corner) to Mezzanine for all trains,34 St - Herald Sq,B/D/F/M/N/Q/R/W,2020-09-01 17:17:59.219272
N,BKN,ES314,ES,09/03/2020 11:00:00 PM,N,N,09/01/2020  4:40:00 AM,REPAIR,Street to Lower Mezzanine,Smith - 9 Sts,F/G,2020-09-01 17:17:59.219272
N,MN,ES216,ES,09/01/2020 11:00:00 PM,N,N,08/31/2020  6:06:00 AM,REPAIR,Center Island Platform to Mezzanine (41 st / 7 ave),Times Sq - 42 St,1/2/3/7/N/Q/R/W,2020-09-01 17:17:59.219272
N,QNS,ES430,ES,09/01/2020  6:00:00 PM,N,N,09/01/2020 10:50:00 AM,PLANNED WORK,Mezzanine to Street,Jamaica - Van Wyck,E,2020-09-01 17:27:59.539398
N,BKN,ES346,ES,09/01/2020  5:00:00 PM,N,N,09/01/2020  8:55:00 AM,PLANNED WORK,Street to Mezzanine,Brighton Beach,B/Q,2020-09-01 17:48:00.564834
N,BX,ES120,ES,09/01/2020  9:00:00 PM,N,N,09/01/2020 12:12:00 PM,UNDER INVESTIGATION,Mezzanine to Street,Pelham Bay Park,6,2020-09-01 17:48:00.564834
N,BX,ES121,ES,09/01/2020  6:00:00 PM,N,N,09/01/2020 10:00:00 AM,PLANNED WORK,Center Island Platform to Street,Pelham Bay Park,6,2020-09-01 17:58:01.123781
N,MN,ES325,ES,09/01/2020  5:00:00 PM,N,N,09/01/2020  8:09:00 AM,REPAIR,Northbound ll Platform to Northbound ul Platform,West 4 St - Washington Sq,A/B/C/D/E/F/M,2020-09-01 17:58:01.123781
N,MN,EL114,EL,09/01/2020 11:00:00 PM,N,N,09/01/2020  2:26:00 PM,UNDER INVESTIGATION,Lower Mezzanine to Upper Mezzanine,168 St,1,2020-09-01 18:48:04.593981
Y,MN,EL335,EL,09/01/2020  4:00:00 PM,N,N,09/01/2020  9:21:00 AM,PLANNED WORK,Uptown A/C/E Platform to uptown B/D/F/M Platform and transfer Mezzanine,West 4 St - Washington Sq,A/B/C/D/E/F/M,2020-09-01 18:53:04.944895
Y,BX,EL131,EL,09/01/2020  6:00:00 PM,N,N,09/01/2020  9:55:00 AM,REPAIR,Street to Mezzanine,161 St - Yankee Stadium,4/B/D,2020-09-01 19:13:06.924915
Y,MN,EL12X,EL,09/01/2020 10:00:00 PM,N,N,09/01/2020  2:20:00 PM,REPAIR,West Concourse balcony to PATH Level with access to 1 line at WTC Cortlandt St Station,WTC Cortlandt St,1,2020-09-01 19:38:08.303046
N,MN,ES240,ES,09/01/2020 11:00:00 PM,N,N,09/01/2020  2:57:00 PM,UNDER INVESTIGATION,Southbound Platform to Mezzanine,5 Av / 53 St,E/M,2020-09-01 20:33:12.284063
N,MN,ES367,ES,09/02/2020 12:00:00 AM,N,N,09/01/2020  3:23:00 PM,UNDER INVESTIGATION,Lower Mezzanine to Upper Mezzanine,Fulton St,2/3/4/5/A/C/J/Z,2020-09-01 20:33:12.284063
N,MN,ES103,ES,09/01/2020  5:00:00 PM,N,N,09/01/2020  8:51:00 AM,UNDER INVESTIGATION,Street to Mezzanine,125 St,1,2020-09-01 21:23:15.709417
N,BKN,ES330,ES,09/01/2020 11:00:00 PM,N,N,09/01/2020  2:03:00 PM,UNDER INVESTIGATION,Street to Upper Mezzanine,Broadway Junction,A/C/J/L/Z/LIRR,2020-09-01 21:33:16.319848
N,MN,EL117,EL,09/02/2020 12:00:00 AM,N,N,09/01/2020  3:48:00 PM,UNDER INVESTIGATION,Lower Mezzanine to Upper Mezzanine (below 184 St & Ft Washington Ave),181 St,A,2020-09-01 21:38:16.627940
N,MN,ES269,ES,09/01/2020 11:00:00 PM,N,N,09/01/2020  4:43:00 PM,PLANNED WORK,Center Island Platform to Mezzanine,Lexington Av / 53 St,6/E/M,2020-09-01 21:38:16.627940
N,MN,ES217,ES,09/02/2020  1:00:00 AM,N,N,09/01/2020  4:20:00 PM,REPAIR,Center Island Platform to Mezzanine (41 st / 7 ave),Times Sq - 42 St,1/2/3/7/N/Q/R/W,2020-09-01 22:23:18.999898
N,QNS,ES441,ES,09/01/2020  5:00:00 PM,N,N,09/01/2020  4:25:00 PM,PLANNED WORK,Mezzanine to Platform,Jamaica Center Parsons/Archer,E/J/Z,2020-09-01 22:33:19.543388
N,QNS,ES439,ES,09/02/2020  1:00:00 AM,N,N,09/01/2020  4:12:00 PM,UNDER INVESTIGATION,Mezzanine to Street,Jamaica Center Parsons/Archer,E/J/Z,2020-09-01 22:33:19.543388
N,MN,EL281,EL,09/02/2020  1:00:00 AM,N,N,09/01/2020  4:51:00 PM,REPAIR,Mezzanine to Street,57 St - 7 Av,N/Q/R/W,2020-09-01 22:43:20.146863
N,MN,ES216,ES,09/02/2020  1:00:00 AM,N,N,09/01/2020  4:41:00 PM,UNDER INVESTIGATION,Center Island Platform to Mezzanine (41 st / 7 ave),Times Sq - 42 St,1/2/3/7/N/Q/R/W,2020-09-01 23:08:22.062414
N,MN,ES218,ES,09/02/2020 12:00:00 AM,N,N,09/01/2020  3:27:00 PM,REPAIR,Center Island Platform to Mezzanine (41 st / bway),Times Sq - 42 St,1/2/3/7/N/Q/R/W,2020-09-01 23:08:22.062414
N,MN,ES232,ES,09/02/2020  3:00:00 AM,N,N,09/01/2020  6:05:00 PM,REPAIR,Southbound Platform to Mezzanine,34 St - Herald Sq,B/D/F/M/N/Q/R/W,2020-09-02 00:08:24.806022
N,MN,ES210,ES,09/02/2020  1:00:00 AM,N,N,09/01/2020  4:04:00 PM,UNDER INVESTIGATION,Lower Mezzanine to Upper Mezzanine (west end),42 St - Grand Central,4/5/6/7,2020-09-02 00:08:24.806022
Y,MN,EL719,EL,09/02/2020  9:00:00 PM,N,N,09/01/2020 12:16:00 PM,UNDER INVESTIGATION,Mezzanine (below Nassau St at level of downtown J/Z) to A/C Platform for service in both directions and access to rest of complex,Fulton St,2/3/4/5/A/C/J/Z,2020-09-02 00:18:25.311387
Y,QNS,EL412,EL,09/02/2020  1:00:00 AM,N,N,09/01/2020  4:43:00 PM,UNDER INVESTIGATION,Archer Ave & Parsons Blvd (SW corner) to Mezzanine for service in both directions on both lines,Jamaica Center Parsons/Archer,E/J/Z,2020-09-02 00:23:25.546487
N,MN,ES235,ES,09/02/2020  5:00:00 AM,N,N,09/01/2020  8:21:00 PM,UNDER INVESTIGATION,Southbound Platform to Mezzanine,34 St - Herald Sq,B/D/F/M/N/Q/R/W,2020-09-02 00:43:26.672035
N,QNS,ES449,ES,09/02/2020  5:00:00 AM,N,N,09/01/2020  8:12:00 PM,UNDER INVESTIGATION,Lower Mezzanine to Upper Mezzanine,Jackson Hts - Roosevelt Av,7/E/F/M/R,2020-09-02 00:53:27.374606
Y,MN,EL329,EL,09/02/2020 12:00:00 AM,N,N,09/01/2020  4:30:00 PM,REPAIR,Downtown 6 Platform to uptown B/D/F/M Platform,Broadway-Lafayette/Bleecker St,6/B/D/F/M,2020-09-02 00:58:27.642763
N,MN,ES215,ES,09/01/2020 10:00:00 PM,N,N,09/01/2020  4:31:00 AM,REPAIR,Center Island Platform to Southbound Platform,Lexington Av / 59 St,N/R/W,2020-09-02 01:08:28.241249
Y,MN,EL238,EL,09/01/2020 11:00:00 PM,N,N,09/01/2020  4:46:00 PM,MAINTENANCE,West side of Broadway (between 65 St & 66 St) to downtown Platform,66 St - Lincoln Center,1,2020-09-02 01:38:29.894542
N,BX,ES113,ES,09/02/2020  5:00:00 AM,N,N,09/01/2020  8:48:00 PM,UNDER INVESTIGATION,Lower Mezzanine to Upper Mezzanine,161 St - Yankee Stadium,4/B/D,2020-09-02 02:23:32.852350
N,MN,EL117,EL,09/02/2020  6:00:00 AM,N,N,09/01/2020  9:01:00 PM,REPAIR,Lower Mezzanine to Upper Mezzanine (below 184 St & Ft Washington Ave),181 St,A,2020-09-02 02:23:32.852350
N,MN,ES325,ES,09/02/2020  1:00:00 AM,N,N,09/01/2020  4:31:00 PM,UNDER INVESTIGATION,Northbound ll Platform to Northbound ul Platform,West 4 St - Washington Sq,A/B/C/D/E/F/M,2020-09-02 02:38:33.822997
N,MN,ES374,ES,09/02/2020  5:00:00 AM,N,N,09/01/2020  2:06:00 PM,REPAIR,Platform to Mezzanine,South Ferry,1,2020-09-02 03:48:37.764331
N,MN,ES260,ES,09/02/2020  7:00:00 AM,N,N,09/01/2020 11:25:00 PM,CLEANING,Mezzanine to Street level,96 St / 2 Av,Q,2020-09-02 04:43:40.988487
N,BKN,ES356,ES,09/02/2020  6:00:00 AM,N,N,09/01/2020  9:12:00 PM,UNDER INVESTIGATION,Lower Mezzanine to Platform,Jay St - MetroTech,A/C/F/R,2020-09-02 04:43:40.988487
N,MN,ES403,ES,09/02/2020  7:00:00 AM,N,N,09/01/2020 10:18:00 PM,UNDER INVESTIGATION,Upper Mezzanine to Middle Mezzanine,Lexington Av / 63 St,F/Q,2020-09-02 04:43:40.988487
N,BX,ES120,ES,09/02/2020  7:00:00 AM,N,N,09/01/2020 10:48:00 PM,UNDER INVESTIGATION,Mezzanine to Street,Pelham Bay Park,6,2020-09-02 05:08:42.136199
N,MN,ES236,ES,09/02/2020  5:00:00 AM,N,N,09/01/2020  8:21:00 PM,UNDER INVESTIGATION,Southbound Platform to Mezzanine,34 St - Herald Sq,B/D/F/M/N/Q/R/W,2020-09-02 05:18:42.762075
N,MN,ES235,ES,09/02/2020  5:00:00 AM,N,N,09/01/2020  8:21:00 PM,REPAIR,Southbound Platform to Mezzanine,34 St - Herald Sq,B/D/F/M/N/Q/R/W,2020-09-02 05:58:44.764412
Y,MN,EL333,EL,09/02/2020  9:00:00 AM,N,N,09/02/2020 12:07:00 AM,UNDER INVESTIGATION,W 3rd St & 6th Ave (NE corner) to turnstiles for A/C/E and B/D/F/M service,West 4 St - Washington Sq,A/B/C/D/E/F/M,2020-09-02 05:58:44.764412
N,MN,ES334,ES,09/02/2020  7:00:00 AM,N,N,09/02/2020 12:42:00 AM,CLEANING,Center Island Platform to Mezzanine,Bowery,J/Z,2020-09-02 06:08:45.289039
N,MN,EL111,EL,09/02/2020  7:00:00 AM,N,N,09/01/2020  9:00:00 PM,MAINTENANCE,Lower Mezzanine to Upper Mezzanine,168 St,1,2020-09-02 06:23:46.050811
N,MN,ES632,ES,09/02/2020  8:00:00 AM,N,N,09/01/2020 11:02:00 PM,UNDER INVESTIGATION,Upper Mezzanine to Street,34 St - Hudson Yards,7,2020-09-02 06:43:47.177027
N,MN,ES231,ES,09/02/2020  7:00:00 AM,N,N,09/02/2020  1:47:00 AM,CLEANING,Southbound Platform to Mezzanine,34 St - Herald Sq,B/D/F/M/N/Q/R/W,2020-09-02 06:48:47.471323
Y,MN,EL335,EL,09/02/2020  9:00:00 AM,N,N,09/02/2020 12:06:00 AM,UNDER INVESTIGATION,Uptown A/C/E Platform to uptown B/D/F/M Platform and transfer Mezzanine,West 4 St - Washington Sq,A/B/C/D/E/F/M,2020-09-02 06:58:47.988197
Y,MN,EL334,EL,09/02/2020  9:00:00 AM,N,N,09/02/2020 12:07:00 AM,UNDER INVESTIGATION,Downtown A/C/E Platform to downtown B/D/F/M Platform and transfer Mezzanine,West 4 St - Washington Sq,A/B/C/D/E/F/M,2020-09-02 07:03:48.310258
N,MN,ES272,ES,09/02/2020  7:00:00 AM,N,N,09/02/2020  2:34:00 AM,CLEANING,Mezzanine to Street level,96 St / 2 Av,Q,2020-09-02 07:08:48.599475
Y,MN,EL218,EL,09/02/2020  7:00:00 AM,N,N,09/02/2020 12:02:00 AM,PLANNED WORK,Mezzanine to Platform for service in both directions,14 St - Union Sq,L/N/Q/R/W,2020-09-02 07:18:49.189246
N,MN,ES630,ES,09/02/2020  8:00:00 AM,N,N,09/01/2020 11:44:00 PM,UNDER INVESTIGATION,Upper Mezzanine to Street,34 St - Hudson Yards,7,2020-09-02 07:23:49.431462
N,MN,ES372,ES,09/02/2020  7:00:00 AM,N,N,09/01/2020 10:41:00 PM,MAINTENANCE,Platform to Mezzanine,South Ferry,1,2020-09-02 07:23:49.431462
N,MN,ES327,ES,09/02/2020  7:00:00 AM,N,N,09/01/2020 10:35:00 PM,PLANNED WORK,Mezzanine to Street,Delancey St Essex St,F/J/M/Z,2020-09-02 07:38:50.388989
N,MN,ES236,ES,09/02/2020  7:00:00 AM,N,N,09/02/2020  3:39:00 AM,CLEANING,Southbound Platform to Mezzanine,34 St - Herald Sq,B/D/F/M/N/Q/R/W,2020-09-02 07:58:51.496918
N,MN,ES270,ES,09/02/2020  7:00:00 AM,N,N,09/02/2020  3:06:00 AM,CLEANING,Mezzanine to Street level,96 St / 2 Av,Q,2020-09-02 07:58:51.496918
N,MN,ES300,ES,09/03/2020 11:00:00 PM,N,N,09/01/2020  9:10:00 AM,PLANNED WORK,Northbound Platform to Mezzanine,Broadway-Lafayette/Bleecker St,6/B/D/F/M,2020-09-02 08:13:52.530730
Y,MN,EL202,EL,09/02/2020  7:00:00 AM,N,N,09/01/2020 10:45:00 PM,MAINTENANCE,Mezzanine to downtown Platform,51 St,6/E/M,2020-09-02 08:23:53.172299
N,MN,ES231,ES,09/02/2020 10:00:00 AM,N,N,09/02/2020  2:45:00 AM,REPAIR,Southbound Platform to Mezzanine,34 St - Herald Sq,B/D/F/M/N/Q/R/W,2020-09-02 08:28:53.504307
Y,MN,EL180,EL,09/02/2020  7:00:00 AM,N,N,09/01/2020 11:48:00 PM,INSPECTION,135 St & Lenox Ave (NE corner) to uptown and the Bronx-bound platform,135 St,2/3,2020-09-02 08:33:53.757163
N,MN,ES232,ES,09/02/2020  7:00:00 AM,N,N,09/01/2020 11:53:00 PM,INSPECTION,Southbound Platform to Mezzanine,34 St - Herald Sq,B/D/F/M/N/Q/R/W,2020-09-02 08:33:53.757163
N,BKN,EL310,EL,09/02/2020  7:00:00 AM,N,N,09/01/2020 11:33:00 PM,INSPECTION,Lower Mezzanine to street-level Arcade at Clark St & Henry St,Clark St,2/3,2020-09-02 08:38:53.992377
Y,MN,EL603,EL,09/02/2020  7:00:00 AM,N,N,09/01/2020 10:40:00 PM,MAINTENANCE,34th St (between 10th Ave & 11th Ave) to Mezzanine to reach 7 line,34 St - Hudson Yards,7,2020-09-02 08:48:54.516872
N,MN,ES294,ES,09/02/2020  7:00:00 AM,N,N,09/01/2020 10:20:00 PM,REPAIR,Mezzanine to Street,72 St / 2 Av,Q,2020-09-02 08:48:54.516872
Y,MN,EL222,EL,09/02/2020  7:00:00 AM,N,N,09/01/2020 10:37:00 PM,MAINTENANCE,Mezzanine to downtown A/C/E Platform,14 St - 8 Av,A/C/E/L,2020-09-02 09:03:55.230207
N,MN,ES209,ES,09/02/2020  1:00:00 AM,N,N,09/01/2020  4:03:00 PM,UNDER INVESTIGATION,Center Island Platform to Lower Mezzanine (west end),42 St - Grand Central,4/5/6/7,2020-09-02 09:03:55.230207
N,MN,ES256,ES,09/02/2020  7:00:00 AM,N,N,09/01/2020 11:38:00 PM,PLANNED WORK,Upper Mezzanine to Street,42 St - Grand Central,4/5/6/7,2020-09-02 09:03:55.230207
N,MN,ES255,ES,09/02/2020  7:00:00 AM,N,N,09/01/2020 11:35:00 PM,PLANNED WORK,Upper Mezzanine to Street,42 St - Grand Central,4/5/6/7,2020-09-02 09:03:55.230207
N,MN,ES374,ES,09/02/2020 10:00:00 AM,N,N,09/02/2020  1:06:00 AM,UNDER INVESTIGATION,Platform to Mezzanine,South Ferry,1,2020-09-02 09:03:55.230207
Y,MN,EL220,EL,09/02/2020  7:00:00 AM,N,N,09/01/2020 11:15:00 PM,MAINTENANCE,Mezzanine to downtown N/Q/R/W Platform,14 St - Union Sq,L/N/Q/R/W,2020-09-02 09:08:55.580421
Y,MN,EL205,EL,09/02/2020  7:00:00 AM,N,N,09/01/2020 10:34:00 PM,MAINTENANCE,Mezzanine to Platform for downtown 4/5/6 service,42 St - Grand Central,4/5/6/7,2020-09-02 09:08:55.580421
Y,MN,EL206,EL,09/02/2020 10:00:00 AM,N,N,09/02/2020  1:36:00 AM,UNDER INVESTIGATION,Mezzanine to Platform for uptown 4/5/6 service,42 St - Grand Central,4/5/6/7,2020-09-02 09:08:55.580421
N,QNS,ES429,ES,09/02/2020  7:00:00 AM,N,N,09/01/2020 10:18:00 PM,MAINTENANCE,Center Island Platform to Mezzanine,Jamaica - Van Wyck,E,2020-09-02 09:08:55.580421
Y,MN,EL225,EL,09/02/2020  7:00:00 AM,N,N,09/01/2020 11:19:00 PM,MAINTENANCE,34 St & 8th Ave (SE corner) to uptown C/E Platform and access to rest of complex,34 St - Penn,A/C/E,2020-09-02 09:13:55.828491
N,MN,ES273,ES,09/02/2020  7:00:00 AM,N,N,09/01/2020 10:16:00 PM,MAINTENANCE,Platform to Mezzanine,86 St / 2 Av,Q,2020-09-02 09:13:55.828491
Y,MN,EL440,EL,09/02/2020  7:00:00 AM,N,N,09/01/2020 10:13:00 PM,MAINTENANCE,Mezzanine of 3rd Ave entrance to F/Q Platform for service in both directions,Lexington Av / 63 St,F/Q,2020-09-02 09:23:56.466015
N,MN,ES458,ES,09/02/2020  7:00:00 AM,N,N,09/01/2020 11:05:00 PM,MAINTENANCE,Mezzanine to Street,Lexington Av / 63 St,F/Q,2020-09-02 09:23:56.466015
N,QNS,ES423,ES,09/02/2020  7:00:00 AM,N,N,09/01/2020 11:00:00 PM,MAINTENANCE,Southbound Platform to Mezzanine,21 St - Queensbridge,F,2020-09-02 09:28:56.800743
Y,MN,EL329,EL,09/02/2020  7:00:00 AM,N,N,09/02/2020  1:12:00 AM,MAINTENANCE,Downtown 6 Platform to uptown B/D/F/M Platform,Broadway-Lafayette/Bleecker St,6/B/D/F/M,2020-09-02 09:28:56.800743
Y,QNS,EL421,EL,09/02/2020  7:00:00 AM,N,N,09/01/2020 11:15:00 PM,MAINTENANCE,Mezzanine to Platform for Manhattan bound E/F/M/R service,Jackson Hts - Roosevelt Av,7/E/F/M/R,2020-09-02 09:28:56.800743
Y,BKN,EL706,EL,09/02/2020  7:00:00 AM,N,N,09/01/2020 11:39:00 PM,MAINTENANCE,Jay St & Willoughby St (NW corner) to Mezzanine for service in both directions on both lines,Jay St - MetroTech,A/C/F/R,2020-09-02 09:28:56.800743
N,MN,ES370,ES,09/02/2020  7:00:00 AM,N,N,09/01/2020 11:49:00 PM,MAINTENANCE,Mezzanine to Street,South Ferry,1,2020-09-02 09:28:56.800743
N,QNS,ES436,ES,09/02/2020  7:00:00 AM,N,N,09/01/2020 11:27:00 PM,MAINTENANCE,Center Island Lower Platform to Center Island Upper Platform,Sutphin Blvd - Archer Av - JFK Airport,E/J/Z/LIRR,2020-09-02 09:28:56.800743
N,MN,ES345,ES,09/02/2020  7:00:00 AM,N,N,09/01/2020 11:23:00 PM,MAINTENANCE,Upper Mezzanine to Street,Bowling Green,4/5,2020-09-02 09:33:57.015731
Y,QNS,EL437,EL,09/02/2020  7:00:00 AM,N,N,09/01/2020 10:14:00 PM,MAINTENANCE,South side of Queens Blvd (between 70 Rd & 71 Ave) for Mezzanine for service in both directions,Forest Hills - 71 Av,E/F/R/M/LIRR,2020-09-02 09:33:57.015731
Y,BX,EL191,EL,09/02/2020  7:00:00 AM,N,N,09/02/2020 12:24:00 AM,PLANNED WORK,Mezzanine to downtown Platform,Kingsbridge Road,B/D,2020-09-02 09:33:57.015731
N,MN,ES405,ES,09/02/2020  7:00:00 AM,N,N,09/02/2020 12:30:00 AM,MAINTENANCE,Middle Mezzanine to Lower Mezzanine,Lexington Av / 63 St,F/Q,2020-09-02 09:33:57.015731
N,MN,ES103,ES,09/02/2020 11:00:00 PM,N,N,09/01/2020  5:20:00 PM,REPAIR,Street to Mezzanine,125 St,1,2020-09-02 09:43:57.529162
Y,MN,EL237,EL,09/02/2020  7:00:00 AM,N,N,09/01/2020 11:52:00 PM,MAINTENANCE,East side of Broadway (between 65 St & 66 St) to uptown Platform,66 St - Lincoln Center,1,2020-09-02 09:43:57.529162
N,MN,ES275,ES,09/02/2020 12:00:00 PM,N,N,09/02/2020  3:53:00 AM,UNDER INVESTIGATION,Platform to Mezzanine,86 St / 2 Av,Q,2020-09-02 09:43:57.529162
Y,BKN,EL321,EL,09/02/2020  7:00:00 AM,N,N,09/01/2020 11:38:00 PM,MAINTENANCE,Nostrand Ave & Church Ave (SW corner) to Flatbush Av Brooklyn College bound Platform,Church Av,2/5,2020-09-02 09:43:57.529162
Y,BX,EL159,EL,09/02/2020  7:00:00 AM,N,N,09/02/2020 12:40:00 AM,PLANNED WORK,Morris Park Ave & E 180 St to uptown Platform,East 180 St,2/5,2020-09-02 09:43:57.529162
N,MN,ES364,ES,09/02/2020  7:00:00 AM,N,N,09/01/2020 11:07:00 PM,MAINTENANCE,Lower Mezzanine to Southbound Platform,Fulton St,2/3/4/5/A/C/J/Z,2020-09-02 09:43:57.529162
Y,BKN,EL392,EL,09/02/2020  7:00:00 AM,N,N,09/01/2020 11:30:00 PM,MAINTENANCE,Marcy Ave & Broadway (SW corner) to Manhattan bound Platform,Marcy Av,J/M/Z,2020-09-02 09:43:57.529162
N,MN,ES302,ES,09/02/2020  7:00:00 AM,N,N,09/01/2020 11:23:00 PM,MAINTENANCE,Center Island Platform to Mezzanine,Park Place,2/3,2020-09-02 09:43:57.529162
N,BX,ES106,ES,09/02/2020  7:00:00 AM,N,N,09/01/2020 11:19:00 PM,MAINTENANCE,Street to Mezzanine,West Farms Sq - E Tremont Av,2/5,2020-09-02 09:43:57.529162
Y,BX,EL184,EL,09/02/2020 12:00:00 PM,N,N,09/02/2020  4:21:00 AM,REPAIR,231 St & Broadway (SW corner) to downtown Platform,231 St,1,2020-09-02 09:48:57.839927
N,MN,ES240,ES,09/02/2020  7:00:00 AM,N,N,09/01/2020 11:00:00 PM,PLANNED WORK,Southbound Platform to Mezzanine,5 Av / 53 St,E/M,2020-09-02 09:48:57.839927
Y,BX,EL122,EL,09/02/2020  7:00:00 AM,N,N,09/02/2020  1:00:00 AM,MAINTENANCE,Mezzanine to Platform for Manhattan bound service,Pelham Bay Park,6,2020-09-02 09:48:57.839927
Y,BKN,EL376,EL,09/02/2020  7:00:00 AM,N,N,09/01/2020 11:43:00 PM,MAINTENANCE,Bay Pkwy & 86 St (NW corner) to Mezzanine for service in both directions,Bay Parkway,D,2020-09-02 09:58:58.208268
N,BKN,EL312,EL,09/02/2020  7:00:00 AM,N,N,09/01/2020 11:31:00 PM,MAINTENANCE,Lower Mezzanine to street-level Arcade at Clark St & Henry St,Clark St,2/3,2020-09-02 10:08:58.823703
N,QNS,ES427,ES,09/02/2020  9:00:00 AM,N,N,09/02/2020 12:47:00 AM,UNDER INVESTIGATION,Mezzanine to Street,Jamaica - Van Wyck,E,2020-09-02 10:08:58.823703
N,BX,ES121,ES,09/02/2020  7:00:00 AM,N,N,09/01/2020 11:16:00 PM,MAINTENANCE,Center Island Platform to Street,Pelham Bay Park,6,2020-09-02 10:08:58.823703
N,MN,ES117,ES,09/02/2020  7:00:00 AM,N,N,09/01/2020 11:14:00 PM,MAINTENANCE,Lower Mezzanine to Upper Mezzanine,181 St,A,2020-09-02 10:23:59.294846
N,BKN,ES310,ES,09/02/2020  7:00:00 AM,N,N,09/01/2020 11:45:00 PM,MAINTENANCE,Lower Mezzanine to Upper Mezzanine,Atlantic Av-Barclays Ctr,2/3/4/5/B/D/N/Q/R/LIRR,2020-09-02 10:33:59.926489
Y,BX,EL193,EL,09/02/2020  7:00:00 AM,N,N,09/01/2020 11:20:00 PM,MAINTENANCE,Mezzanine to uptown Platform,233 St,2/5,2020-09-02 10:44:00.411228
Y,MN,EL601,EL,09/02/2020  2:00:00 PM,N,N,09/02/2020  5:53:00 AM,UNDER INVESTIGATION,Upper Mezzanine to Lower Mezzanine to reach 7 line,34 St - Hudson Yards,7,2020-09-02 12:09:04.617189
N,MN,ES288,ES,09/02/2020  4:00:00 PM,N,N,09/02/2020  7:20:00 AM,UNDER INVESTIGATION,Mezzanine to basement entrance,72 St / 2 Av,Q,2020-09-02 12:14:04.881072
N,MN,ES209,ES,09/02/2020  3:00:00 PM,N,N,09/02/2020  6:13:00 AM,UNDER INVESTIGATION,Center Island Platform to Lower Mezzanine (west end),42 St - Grand Central,4/5/6/7,2020-09-02 12:29:05.746232
N,MN,ES210,ES,09/02/2020  3:00:00 PM,N,N,09/02/2020  6:13:00 AM,UNDER INVESTIGATION,Lower Mezzanine to Upper Mezzanine (west end),42 St - Grand Central,4/5/6/7,2020-09-02 12:29:05.746232
N,BX,ES104,ES,09/02/2020  4:00:00 PM,N,N,09/02/2020  7:43:00 AM,PLANNED WORK,Street to Mezzanine,Gun Hill Rd,2/5,2020-09-02 12:34:06.049721
N,MN,ES217,ES,09/02/2020  3:00:00 PM,N,N,09/02/2020  6:27:00 AM,UNDER INVESTIGATION,Center Island Platform to Mezzanine (41 st / 7 ave),Times Sq - 42 St,1/2/3/7/N/Q/R/W,2020-09-02 13:09:07.804191
N,MN,ES238,ES,09/02/2020  3:00:00 PM,N,N,09/02/2020  6:42:00 AM,UNDER INVESTIGATION,Southbound Platform to Mezzanine,7 Av,B/D/E,2020-09-02 13:39:09.370774
N,MN,ES118,ES,09/02/2020  5:00:00 PM,N,N,09/02/2020  9:30:00 AM,PLANNED WORK,Lower Mezzanine to Upper Mezzanine,181 St,A,2020-09-02 14:09:11.228705
N,MN,ES101,ES,09/02/2020  5:00:00 PM,N,N,09/02/2020  9:15:00 AM,PLANNED WORK,Street to Mezzanine,125 St,1,2020-09-02 14:14:12.453158
N,MN,ES370,ES,09/02/2020  5:00:00 PM,N,N,09/02/2020  7:28:00 AM,REPAIR,Mezzanine to Street,South Ferry,1,2020-09-02 14:14:12.453158
Y,MN,EL601,EL,09/02/2020  3:00:00 PM,N,N,09/02/2020  8:07:00 AM,REPAIR,Upper Mezzanine to Lower Mezzanine to reach 7 line,34 St - Hudson Yards,7,2020-09-02 14:24:12.954237
N,MN,ES244,ES,09/02/2020  6:00:00 PM,N,N,09/02/2020  9:13:00 AM,UNDER INVESTIGATION,Center Island Platform to Mezzanine,Lexington Av / 53 St,6/E/M,2020-09-02 14:34:13.601771
N,MN,ES243,ES,09/02/2020  6:00:00 PM,N,N,09/02/2020  9:13:00 AM,REPAIR,Center Island Platform to Mezzanine,Lexington Av / 53 St,6/E/M,2020-09-02 14:34:13.601771
N,MN,ES119,ES,09/02/2020  6:00:00 PM,N,N,09/02/2020 10:01:00 AM,PLANNED WORK,Lower Mezzanine to Upper Mezzanine,181 St,A,2020-09-02 14:39:13.883464
N,MN,ES231,ES,09/02/2020  3:00:00 PM,N,N,09/02/2020  6:45:00 AM,UNDER INVESTIGATION,Southbound Platform to Mezzanine,34 St - Herald Sq,B/D/F/M/N/Q/R/W,2020-09-02 14:44:14.097390
N,MN,ES281,ES,09/02/2020  4:00:00 PM,N,N,09/02/2020  7:56:00 AM,UNDER INVESTIGATION,Mezzanine to mid landing entrance,86 St / 2 Av,Q,2020-09-02 14:49:14.419830
N,MN,ES373,ES,09/02/2020  5:00:00 PM,N,N,09/02/2020  8:46:00 AM,UNDER INVESTIGATION,Mezzanine to Street,South Ferry,1,2020-09-02 14:49:14.419830
N,MN,ES415,ES,09/02/2020  4:00:00 PM,N,N,09/02/2020  8:11:00 AM,PLANNED WORK,Lower Mezzanine to Center Mezzanine,Roosevelt Island,F,2020-09-02 14:54:14.715990
N,QNS,ES456,ES,09/02/2020  5:00:00 PM,N,N,09/02/2020  9:00:00 AM,PLANNED WORK,Street to Mezzanine,Flushing Main St,7,2020-09-02 15:04:15.122729
Y,MN,EL601,EL,09/02/2020  7:00:00 PM,N,N,09/02/2020 10:18:00 AM,UNDER INVESTIGATION,Upper Mezzanine to Lower Mezzanine to reach 7 line,34 St - Hudson Yards,7,2020-09-02 15:29:16.320212
Y,MN,EL722,EL,09/02/2020  5:00:00 PM,N,N,09/02/2020  8:55:00 AM,PLANNED WORK,Upper Mezzanine to Street,Fulton St,2/3/4/5/A/C/J/Z,2020-09-02 15:39:16.770669
N,MN,ES243,ES,09/02/2020  7:00:00 PM,N,N,09/02/2020 10:37:00 AM,UNDER INVESTIGATION,Center Island Platform to Mezzanine,Lexington Av / 53 St,6/E/M,2020-09-02 15:39:16.770669
N,MN,ES288,ES,09/02/2020  6:00:00 PM,N,N,09/02/2020  9:25:00 AM,UNDER INVESTIGATION,Mezzanine to basement entrance,72 St / 2 Av,Q,2020-09-02 15:49:17.357028
Y,QNS,EL498,EL,09/02/2020  6:00:00 PM,N,N,09/02/2020  9:52:00 AM,PLANNED WORK,Beach 22nd & Mott Ave to Platform for all service,Far Rockaway - Mott Av,A,2020-09-02 15:54:17.507812
Y,MN,EL442,EL,09/02/2020  6:00:00 PM,N,N,09/02/2020  9:05:00 AM,PLANNED WORK,Mezzanine of 3rd Ave entrance to F/Q Platform for service in both directions,Lexington Av / 63 St,F/Q,2020-09-02 15:54:17.507812
Y,BX,EL122,EL,09/02/2020  5:00:00 PM,N,N,09/02/2020 10:45:00 AM,PLANNED WORK,Mezzanine to Platform for Manhattan bound service,Pelham Bay Park,6,2020-09-02 16:09:18.259658
N,MN,ES334,ES,09/02/2020  5:00:00 PM,N,N,09/02/2020  8:49:00 AM,UNDER INVESTIGATION,Center Island Platform to Mezzanine,Bowery,J/Z,2020-09-02 16:29:19.205416
N,MN,ES215,ES,09/02/2020  6:00:00 PM,N,N,09/02/2020  9:13:00 AM,UNDER INVESTIGATION,Center Island Platform to Southbound Platform,Lexington Av / 59 St,N/R/W,2020-09-02 16:29:19.205416
Y,MN,EL333,EL,09/02/2020  5:00:00 PM,N,N,09/02/2020  8:58:00 AM,UNDER INVESTIGATION,W 3rd St & 6th Ave (NE corner) to turnstiles for A/C/E and B/D/F/M service,West 4 St - Washington Sq,A/B/C/D/E/F/M,2020-09-02 16:29:19.205416
N,MN,ES606X,ES,09/02/2020  1:00:00 PM,N,N,07/27/2020  3:35:00 PM,REPAIR,Lower Mezzanine to Upper Mezzanine,42 St - Port Authority Bus Terminal,A/C/E,2020-09-02 16:49:19.942585
Y,MN,EL720,EL,09/02/2020  5:00:00 PM,N,N,09/02/2020  8:18:00 AM,PLANNED WORK,Mezzanine to uptown J/Z Platform to A/C Platform access to rest of complex,Fulton St,2/3/4/5/A/C/J/Z,2020-09-02 16:49:19.942585
Y,QNS,EL400,EL,09/02/2020  8:00:00 PM,N,N,09/02/2020 11:03:00 AM,UNDER INVESTIGATION,4th Floor,Corona Yard Signal Tower,7,2020-09-02 16:59:20.320033
Y,MN,EL267,EL,09/02/2020  8:00:00 PM,N,N,09/02/2020 11:55:00 AM,PLANNED WORK,2nd Ave & 72 St (SE corner) to Lower Mezzanine for service in both directions,72 St / 2 Av,Q,2020-09-02 17:29:22.628672
N,BKN,ES346,ES,09/02/2020  6:00:00 PM,N,N,09/02/2020  9:15:00 AM,PLANNED WORK,Street to Mezzanine,Brighton Beach,B/Q,2020-09-02 17:29:22.628672
N,QNS,ES430,ES,09/02/2020  6:00:00 PM,N,N,09/02/2020 10:05:00 AM,PLANNED WORK,Mezzanine to Street,Jamaica - Van Wyck,E,2020-09-02 17:34:22.815562
Y,BKN,EL370,EL,09/02/2020  7:00:00 PM,N,N,09/02/2020 11:00:00 AM,INSPECTION,Dekalb Ave & Flatbush Ave (SW corner) and Mezzanine to reach service in both directions,Dekalb Av,B/Q/R,2020-09-02 17:39:23.078420
N,BX,ES123,ES,09/02/2020 10:00:00 PM,N,N,09/02/2020 12:15:00 PM,REPAIR,Mezzanine to Southbound Platform,Pelham Pkwy,2/5,2020-09-02 17:39:23.078420
Y,BX,EL127,EL,09/02/2020  6:00:00 PM,N,N,09/02/2020  9:38:00 AM,PLANNED WORK,Westchester Ave & Simpson St (SW corner) to Wakefield 241 St bound Platform,Simpson St,2/5,2020-09-02 17:54:23.880916
N,MN,ES374,ES,09/02/2020  3:00:00 PM,N,N,09/02/2020  6:22:00 AM,REPAIR,Platform to Mezzanine,South Ferry,1,2020-09-02 17:54:23.880916
N,BKN,ES330,ES,09/02/2020  8:00:00 PM,N,N,09/02/2020 11:19:00 AM,UNDER INVESTIGATION,Street to Upper Mezzanine,Broadway Junction,A/C/J/L/Z/LIRR,2020-09-02 17:59:24.128981
Y,BX,EL131,EL,09/02/2020  6:00:00 PM,N,N,09/02/2020  9:44:00 AM,REPAIR,Street to Mezzanine,161 St - Yankee Stadium,4/B/D,2020-09-02 18:04:24.361228
N,MN,ES117,ES,09/04/2020  3:00:00 PM,N,N,09/02/2020  6:12:00 AM,REPAIR,Lower Mezzanine to Upper Mezzanine,181 St,A,2020-09-02 18:14:24.890739
N,MN,ES252,ES,09/02/2020  6:00:00 PM,N,N,09/02/2020 10:00:00 AM,INSPECTION,Mezzanine to Platform,51 St,6/E/M,2020-09-02 18:14:24.890739
Y,BKN,EL378,EL,09/02/2020  6:00:00 PM,N,N,09/02/2020  9:45:00 AM,PLANNED WORK,Mezzanine to Coney Island bound Platform,Bay Parkway,D,2020-09-02 18:19:25.102854
N,BKN,ES347,ES,09/02/2020  8:00:00 PM,N,N,09/02/2020 11:23:00 AM,REPAIR,Street to Upper Mezzanine,Broadway Junction,A/C/J/L/Z/LIRR,2020-09-02 18:39:26.228116
N,MN,ES607X,ES,09/03/2020  5:00:00 PM,N,N,08/26/2020  5:41:00 PM,REPAIR,Mezzanine to Street,42 St - Port Authority Bus Terminal,A/C/E,2020-09-02 20:14:32.024161
Y,MN,EL325,EL,09/03/2020  8:00:00 PM,N,N,08/31/2020  7:38:00 AM,PLANNED WORK,Street-level entrance (down the block from NE corner of Canal St & Lafayette St) to downtown 6 Platform,Canal St,6,2020-09-02 20:19:32.443307
N,QNS,ES455,ES,09/02/2020 11:00:00 PM,N,N,09/02/2020 12:23:00 PM,UNDER INVESTIGATION,Street to Mezzanine,Flushing Main St,7,2020-09-02 20:19:32.443307
N,MN,ES281,ES,09/02/2020 11:00:00 PM,N,N,09/02/2020  1:39:00 PM,REPAIR,Mezzanine to mid landing entrance,86 St / 2 Av,Q,2020-09-02 20:29:32.970854
N,MN,ES622,ES,09/02/2020 11:00:00 PM,N,N,09/02/2020  2:45:00 PM,REPAIR,Lower Mezzanine to Upper Mezzanine,34 St - Hudson Yards,7,2020-09-02 20:54:34.268131
N,MN,ES238,ES,09/03/2020 12:00:00 AM,N,N,09/02/2020  3:03:00 PM,UNDER INVESTIGATION,Southbound Platform to Mezzanine,7 Av,B/D/E,2020-09-02 21:24:35.717898
N,MN,ES329,ES,09/02/2020 11:00:00 PM,N,N,09/02/2020  1:50:00 PM,UNDER INVESTIGATION,Center Island Platform to Mezzanine,East Broadway,F,2020-09-02 21:24:35.717898
N,QNS,ES428,ES,09/02/2020 11:00:00 PM,N,N,09/02/2020  2:51:00 PM,UNDER INVESTIGATION,Center Island Platform to Mezzanine,Jamaica - Van Wyck,E,2020-09-02 21:24:35.717898
N,BX,ES113,ES,09/02/2020 11:00:00 PM,N,N,09/02/2020  2:37:00 PM,UNDER INVESTIGATION,Lower Mezzanine to Upper Mezzanine,161 St - Yankee Stadium,4/B/D,2020-09-02 21:29:36.005931
N,BKN,ES304,ES,09/02/2020 11:00:00 PM,N,N,09/02/2020  1:33:00 PM,REPAIR,Center Island Platform to Mezzanine,President St-Medgar Evers College,2/5,2020-09-02 21:29:36.005931
N,MN,ES259,ES,09/03/2020 12:00:00 AM,N,N,09/02/2020  3:32:00 PM,UNDER INVESTIGATION,Mezzanine to Street level,96 St / 2 Av,Q,2020-09-02 21:44:36.900919
Y,MN,EL232,EL,09/03/2020 12:00:00 AM,N,N,09/02/2020  3:53:00 PM,REPAIR,Mezzanine to Platform to downtown 1/2/3  and 7 service in both directions,Times Sq - 42 St,1/2/3/7/N/Q/R/W,2020-09-02 22:14:38.492431
N,MN,ES334,ES,09/02/2020 11:00:00 PM,N,N,09/02/2020 12:54:00 PM,UNDER INVESTIGATION,Center Island Platform to Mezzanine,Bowery,J/Z,2020-09-02 22:29:39.639715
N,MN,ES281,ES,09/03/2020  1:00:00 AM,N,N,09/02/2020  4:27:00 PM,UNDER INVESTIGATION,Mezzanine to mid landing entrance,86 St / 2 Av,Q,2020-09-02 22:44:40.348133
Y,BKN,EL370,EL,09/04/2020  2:00:00 PM,N,N,09/02/2020  1:20:00 PM,REPAIR,Dekalb Ave & Flatbush Ave (SW corner) and Mezzanine to reach service in both directions,Dekalb Av,B/Q/R,2020-09-02 23:09:41.524008
N,MN,ES224,ES,09/03/2020 12:00:00 AM,N,N,09/02/2020  3:32:00 PM,REPAIR,Mezzanine to mall landing,34 St - Herald Sq,B/D/F/M/N/Q/R/W,2020-09-02 23:19:41.848698
N,BX,ES111,ES,09/02/2020 11:00:00 PM,N,N,08/29/2020  5:58:00 PM,REPAIR,Street to Center Island Platform,Parkchester,6,2020-09-02 23:19:41.848698
Y,MN,EL146,EL,09/03/2020  4:00:00 AM,N,N,09/02/2020  6:11:00 PM,REPAIR,Street to Northbound platform,96 St,1/2/3,2020-09-02 23:49:43.059640
Y,BKN,EL396,EL,09/03/2020  2:00:00 AM,N,N,09/02/2020  5:52:00 PM,UNDER INVESTIGATION,Gates Ave & Wyckoff Ave (SE corner) to Mezzanine for service in both directions on all lines,Myrtle Av / Wyckoff Av,L/M,2020-09-02 23:59:43.595835
Y,BX,EL184,EL,09/02/2020 11:00:00 PM,N,N,09/02/2020  2:09:00 PM,REPAIR,231 St & Broadway (SW corner) to downtown Platform,231 St,1,2020-09-03 00:44:46.622132
N,MN,ES218,ES,09/03/2020  2:00:00 AM,N,N,09/02/2020  5:09:00 PM,REPAIR,Center Island Platform to Mezzanine (41 st / bway),Times Sq - 42 St,1/2/3/7/N/Q/R/W,2020-09-03 00:44:46.622132
N,BKN,ES333,ES,09/03/2020  1:00:00 AM,N,N,09/02/2020  4:51:00 PM,UNDER INVESTIGATION,Lower Mezzanine to Upper Mezzanine,Myrtle Av / Wyckoff Av,L/M,2020-09-03 00:54:47.056254
Y,MN,EL716,EL,09/02/2020 11:00:00 PM,N,N,08/31/2020  8:04:00 AM,PLANNED WORK,Mezzanine to Platforms for uptown 4/5 and J/Z service and access to rest of complex,Fulton St,2/3/4/5/A/C/J/Z,2020-09-03 00:59:47.463875
N,MN,ES302,ES,09/03/2020  3:00:00 AM,N,N,09/02/2020  6:32:00 PM,UNDER INVESTIGATION,Center Island Platform to Mezzanine,Park Place,2/3,2020-09-03 01:04:47.705098
N,MN,ES117,ES,09/02/2020 11:00:00 PM,N,N,09/02/2020  2:51:00 PM,UNDER INVESTIGATION,Lower Mezzanine to Upper Mezzanine,181 St,A,2020-09-03 01:09:48.629793
N,MN,ES232,ES,09/03/2020 11:00:00 PM,N,N,09/02/2020  4:27:00 AM,REPAIR,Southbound Platform to Mezzanine,34 St - Herald Sq,B/D/F/M/N/Q/R/W,2020-09-03 01:24:49.488531
N,MN,ES238,ES,09/03/2020  2:00:00 AM,N,N,09/02/2020  5:32:00 PM,UNDER INVESTIGATION,Southbound Platform to Mezzanine,7 Av,B/D/E,2020-09-03 01:24:49.488531
N,MN,ES236,ES,09/03/2020  5:00:00 AM,N,N,09/02/2020  8:16:00 PM,REPAIR,Southbound Platform to Mezzanine,34 St - Herald Sq,B/D/F/M/N/Q/R/W,2020-09-03 01:49:50.960506
N,BX,ES111,ES,09/03/2020  4:00:00 AM,N,N,09/02/2020  7:31:00 PM,UNDER INVESTIGATION,Street to Center Island Platform,Parkchester,6,2020-09-03 01:49:50.960506
N,MN,ES372,ES,09/03/2020  7:00:00 AM,N,N,09/02/2020 10:40:00 PM,UNDER INVESTIGATION,Platform to Mezzanine,South Ferry,1,2020-09-03 02:59:55.503417
N,MN,ES372,ES,09/03/2020  7:00:00 AM,N,N,09/02/2020 10:28:00 PM,UNDER INVESTIGATION,Platform to Mezzanine,South Ferry,1,2020-09-03 03:09:56.101531
N,MN,ES259,ES,09/03/2020  7:00:00 AM,N,N,09/02/2020 11:10:00 PM,CLEANING,Mezzanine to Street level,96 St / 2 Av,Q,2020-09-03 03:44:57.775158
N,MN,ES411,ES,09/03/2020  7:00:00 AM,N,N,09/02/2020 11:08:00 PM,CLEANING,Center Mezzanine to Street,Roosevelt Island,F,2020-09-03 03:44:57.775158
N,BX,ES111,ES,09/03/2020  6:00:00 AM,N,N,09/02/2020  9:45:00 PM,UNDER INVESTIGATION,Street to Center Island Platform,Parkchester,6,2020-09-03 04:29:59.998121
N,MN,ES414,ES,09/03/2020  7:00:00 AM,N,N,09/02/2020 11:07:00 PM,CLEANING,Lower Mezzanine to Center Mezzanine,Roosevelt Island,F,2020-09-03 04:29:59.998121
N,MN,ES412,ES,09/03/2020  7:00:00 AM,N,N,09/02/2020 11:34:00 PM,CLEANING,Center Mezzanine to Street,Roosevelt Island,F,2020-09-03 04:35:00.483251
N,MN,EL111,EL,09/03/2020  7:00:00 AM,N,N,09/02/2020 10:34:00 PM,REPAIR,Lower Mezzanine to Upper Mezzanine,168 St,1,2020-09-03 04:50:01.219022
N,MN,EL112,EL,09/03/2020  9:00:00 AM,N,N,09/03/2020 12:40:00 AM,MAINTENANCE,Lower Mezzanine to Upper Mezzanine,168 St,1,2020-09-03 04:55:01.476644
Y,MN,EL211,EL,09/03/2020  7:00:00 AM,N,N,09/02/2020 11:54:00 PM,MAINTENANCE,Mezzanine to Platform for downtown N/Q/R/W service,34 St - Herald Sq,B/D/F/M/N/Q/R/W,2020-09-03 05:00:02.178924
Y,MN,EL266,EL,09/03/2020  7:00:00 AM,N,N,09/02/2020 10:00:00 PM,MAINTENANCE,2nd Ave & 72 St (SE corner) to Lower Mezzanine for service in both directions,72 St / 2 Av,Q,2020-09-03 05:05:02.440272
N,MN,ES415,ES,09/03/2020  7:00:00 AM,N,N,09/03/2020 12:22:00 AM,CLEANING,Lower Mezzanine to Center Mezzanine,Roosevelt Island,F,2020-09-03 05:20:03.174685
Y,BKN,EL319,EL,09/03/2020  9:00:00 AM,N,N,09/03/2020 12:25:00 AM,REPAIR,Nostrand Ave & Flatbush Ave (SE corner) to Platform for service in both directions,Flatbush Av Brooklyn College,2/5,2020-09-03 05:25:03.335902
N,MN,ES418,ES,09/03/2020  6:00:00 AM,N,N,09/03/2020 12:39:00 AM,CLEANING,Southbound Platform to Lower Mezzanine,Roosevelt Island,F,2020-09-03 05:25:03.335902
N,MN,ES337,ES,09/03/2020  9:00:00 AM,N,N,09/03/2020 12:27:00 AM,UNDER INVESTIGATION,Lower Mezzanine to Upper Mezzanine,Bowling Green,4/5,2020-09-03 05:40:04.077618
N,MN,ES325,ES,09/03/2020  9:00:00 AM,N,N,09/03/2020 12:10:00 AM,UNDER INVESTIGATION,Northbound ll Platform to Northbound ul Platform,West 4 St - Washington Sq,A/B/C/D/E/F/M,2020-09-03 05:40:04.077618
N,MN,ES413,ES,09/03/2020  7:00:00 AM,N,N,09/03/2020 12:35:00 AM,CLEANING,Center Mezzanine to Street,Roosevelt Island,F,2020-09-03 05:55:04.854616
N,MN,ES420,ES,09/03/2020  7:00:00 AM,N,N,09/03/2020  1:29:00 AM,CLEANING,Southbound Platform to Lower Mezzanine,Roosevelt Island,F,2020-09-03 06:10:05.644125
N,MN,ES416,ES,09/03/2020  7:00:00 AM,N,N,09/03/2020  1:09:00 AM,CLEANING,Lower Mezzanine to Center Mezzanine,Roosevelt Island,F,2020-09-03 06:30:07.226875
N,MN,ES417,ES,09/03/2020  7:00:00 AM,N,N,09/03/2020  2:13:00 AM,CLEANING,Northbound Platform to Lower Mezzanine,Roosevelt Island,F,2020-09-03 06:35:07.413136
Y,QNS,EL400,EL,09/03/2020  9:00:00 AM,N,N,09/03/2020 12:07:00 AM,UNDER INVESTIGATION,4th Floor,Corona Yard Signal Tower,7,2020-09-03 06:40:07.665471
N,MN,ES334,ES,09/03/2020 10:00:00 AM,N,N,09/03/2020  1:09:00 AM,UNDER INVESTIGATION,Center Island Platform to Mezzanine,Bowery,J/Z,2020-09-03 06:45:07.992584
N,MN,ES300,ES,09/03/2020 11:00:00 PM,N,N,09/02/2020  2:59:00 PM,REPAIR,Northbound Platform to Mezzanine,Broadway-Lafayette/Bleecker St,6/B/D/F/M,2020-09-03 06:55:08.740735
N,MN,ES372,ES,09/03/2020  7:00:00 AM,N,N,09/02/2020 10:47:00 PM,PLANNED WORK,Platform to Mezzanine,South Ferry,1,2020-09-03 07:05:09.170418
Y,BKN,EL302,EL,09/05/2020 11:00:00 PM,N,N,09/02/2020  7:17:00 PM,REPAIR,Mezzanine to D/N/R Coney Island and Bay Ridge bound Platform,Atlantic Av-Barclays Ctr,2/3/4/5/B/D/N/Q/R,2020-09-03 07:10:09.396830
Y,BKN,EL391,EL,09/03/2020  9:00:00 AM,N,N,09/03/2020 12:25:00 AM,UNDER INVESTIGATION,Marcy Ave & Broadway (NW corner) to Jamaica Center bound Platform,Marcy Av,J/M/Z,2020-09-03 07:10:09.396830
N,MN,ES369,ES,09/03/2020 11:00:00 AM,N,N,09/03/2020  2:04:00 AM,UNDER INVESTIGATION,Mezzanine to Street,South Ferry,1,2020-09-03 07:10:09.396830
N,MN,ES374,ES,09/03/2020  7:00:00 AM,N,N,09/02/2020 11:05:00 PM,PLANNED WORK,Platform to Mezzanine,South Ferry,1,2020-09-03 07:40:10.880883
Y,QNS,EL414,EL,09/03/2020  7:00:00 AM,N,N,09/03/2020 12:03:00 AM,INSPECTION,Entrance east of Main St & Roosevelt Ave to Platform for service in both directions,Flushing Main St,7,2020-09-03 08:15:12.641567
Y,MN,EL444,EL,09/03/2020  9:00:00 AM,N,N,09/03/2020 12:59:00 AM,UNDER INVESTIGATION,3rd Ave & 63 St (NW corner) to Mezzanine for service in both directions,Lexington Av / 63 St,F/Q,2020-09-03 08:20:12.904793
Y,BKN,EL738,EL,09/04/2020 12:00:00 AM,N,N,09/02/2020  3:48:00 PM,UNDER INVESTIGATION,Street to Northbound N Platform,62 St / New Utrecht,D/N,2020-09-03 08:25:13.080326
N,MN,ES294,ES,09/03/2020 10:00:00 AM,N,N,09/03/2020  1:17:00 AM,UNDER INVESTIGATION,Mezzanine to Street,72 St / 2 Av,Q,2020-09-03 08:30:13.333961
Y,MN,EL267,EL,09/03/2020  7:00:00 AM,N,N,09/03/2020  1:01:00 AM,MAINTENANCE,2nd Ave & 72 St (SE corner) to Lower Mezzanine for service in both directions,72 St / 2 Av,Q,2020-09-03 08:35:13.585567
N,MN,ES632,ES,09/03/2020  7:00:00 AM,N,N,09/02/2020 11:44:00 PM,INSPECTION,Upper Mezzanine to Street,34 St - Hudson Yards,7,2020-09-03 08:40:13.876750
Y,MN,EL244,EL,09/03/2020  7:00:00 AM,N,N,09/02/2020 11:20:00 PM,MAINTENANCE,Mezzanine to Platform for 7 train service in both directions,42 St - Grand Central,4/5/6/7,2020-09-03 08:45:14.202581
N,MN,ES334,ES,09/03/2020 11:00:00 AM,N,N,09/03/2020  2:44:00 AM,UNDER INVESTIGATION,Center Island Platform to Mezzanine,Bowery,J/Z,2020-09-03 08:45:14.202581
N,MN,ES211,ES,09/03/2020  7:00:00 AM,N,N,09/02/2020 11:54:00 PM,MAINTENANCE,Northbound express Platform to Northbound local Platform,59 St,4/5/6,2020-09-03 08:50:14.536942
N,BKN,ES330,ES,09/03/2020  7:00:00 AM,N,N,09/03/2020 12:05:00 AM,PLANNED WORK,Street to Upper Mezzanine,Broadway Junction,A/C/J/L/Z/LIRR,2020-09-03 08:50:14.536942
N,BKN,ES331,ES,09/03/2020  7:00:00 AM,N,N,09/03/2020 12:05:00 AM,PLANNED WORK,Street to Upper Mezzanine,Broadway Junction,A/C/J/L/Z/LIRR,2020-09-03 08:50:14.536942
N,MN,ES325,ES,09/03/2020  7:00:00 AM,N,N,09/03/2020 12:24:00 AM,INSPECTION,Northbound ll Platform to Northbound ul Platform,West 4 St - Washington Sq,A/B/C/D/E/F/M,2020-09-03 08:55:14.779257
N,MN,ES369,ES,09/03/2020 12:00:00 PM,N,N,09/03/2020  3:21:00 AM,UNDER INVESTIGATION,Mezzanine to Street,South Ferry,1,2020-09-03 09:00:15.052059
N,MN,EL112,EL,09/03/2020  9:00:00 AM,N,N,09/03/2020 12:45:00 AM,MAINTENANCE,Lower Mezzanine to Upper Mezzanine,168 St,1,2020-09-03 09:05:15.253483
N,MN,ES274,ES,09/03/2020  7:00:00 AM,N,N,09/02/2020 10:10:00 PM,MAINTENANCE,Platform to Mezzanine,86 St / 2 Av,Q,2020-09-03 09:05:15.253483
N,MN,ES269,ES,09/03/2020  7:00:00 AM,N,N,09/02/2020 10:35:00 PM,MAINTENANCE,Center Island Platform to Mezzanine,Lexington Av / 53 St,6/E/M,2020-09-03 09:05:15.253483
N,MN,ES418,ES,09/03/2020 10:00:00 PM,N,N,09/03/2020  1:13:00 AM,REPAIR,Southbound Platform to Lower Mezzanine,Roosevelt Island,F,2020-09-03 09:05:15.253483
N,MN,ES631,ES,09/03/2020  7:00:00 AM,N,N,09/02/2020 11:58:00 PM,MAINTENANCE,Upper Mezzanine to Street,34 St - Hudson Yards,7,2020-09-03 09:10:15.462895
N,QNS,ES442,ES,09/03/2020  7:00:00 AM,N,N,09/02/2020 10:14:00 PM,MAINTENANCE,Platform to Mezzanine,Jamaica Center Parsons/Archer,E/J/Z,2020-09-03 09:10:15.462895
Y,MN,EL330,EL,09/03/2020  7:00:00 AM,N,N,09/02/2020 11:30:00 PM,MAINTENANCE,Downtown 6 Platform to downtown B/D/F/M Platform,Broadway-Lafayette/Bleecker St,6/B/D/F/M,2020-09-03 09:15:15.694396
Y,MN,EL239,EL,09/03/2020  8:00:00 AM,N,N,09/03/2020  1:15:00 AM,MAINTENANCE,Broadway (between 72 St & 73 St) to uptown Platform,72 St,1/2/3,2020-09-03 09:20:15.966407
Y,QNS,EL497,EL,09/03/2020  7:00:00 AM,N,N,09/02/2020 10:10:00 PM,MAINTENANCE,Beach 22nd & Mott Ave to Platform for all service,Far Rockaway - Mott Av,A,2020-09-03 09:20:15.966407
N,MN,ES459,ES,09/03/2020  7:00:00 AM,N,N,09/02/2020 11:00:00 PM,MAINTENANCE,Mezzanine to Street,Lexington Av / 63 St,F/Q,2020-09-03 09:20:15.966407
N,MN,ES371,ES,09/03/2020  7:00:00 AM,N,N,09/02/2020 11:28:00 PM,MAINTENANCE,Platform to Mezzanine,South Ferry,1,2020-09-03 09:20:15.966407
N,MN,ES230,ES,09/03/2020  7:00:00 AM,N,N,09/02/2020 10:42:00 PM,MAINTENANCE,Northbound Platform to Mezzanine,34 St - Herald Sq,B/D/F/M/N/Q/R/W,2020-09-03 09:25:16.198015
N,MN,ES252,ES,09/03/2020  7:00:00 AM,N,N,09/03/2020  3:17:00 AM,REPAIR,Mezzanine to Platform,51 St,6/E/M,2020-09-03 09:25:16.198015
N,MN,ES249,ES,09/03/2020  9:00:00 AM,N,N,09/02/2020  5:50:00 PM,UNDER INVESTIGATION,Center Island Platform to Mezzanine (60st / 3rd ave),Lexington Av / 59 St,N/R/W,2020-09-03 09:25:16.198015
Y,QNS,EL446,EL,09/03/2020  7:00:00 AM,N,N,09/02/2020 10:12:00 PM,MAINTENANCE,Jackson Ave & 23 St (NE corner) to Mezzanine for service in both directions,Court Square,7,2020-09-03 09:35:17.196990
Y,BKN,EL707,EL,09/03/2020  7:00:00 AM,N,N,09/02/2020 11:40:00 PM,MAINTENANCE,Mezzanine to Platform for Manhattan-bound A/C/F service,Jay St - MetroTech,A/C/F/R,2020-09-03 09:35:17.196990
N,QNS,ES437,ES,09/03/2020  7:00:00 AM,N,N,09/02/2020 11:20:00 PM,MAINTENANCE,Center Island Lower Platform to Center Island Upper Platform,Sutphin Blvd - Archer Av - JFK Airport,E/J/Z/LIRR,2020-09-03 09:35:17.196990
N,MN,ES312,ES,09/03/2020  7:00:00 AM,N,N,09/02/2020 11:25:00 PM,MAINTENANCE,Lower Mezzanine to Upper Mezzanine,Whitehall St - South Ferry,R/W,2020-09-03 09:35:17.196990
N,MN,ES240,ES,09/03/2020  6:00:00 AM,N,N,09/02/2020 10:00:00 PM,PLANNED WORK,Southbound Platform to Mezzanine,5 Av / 53 St,E/M,2020-09-03 09:40:17.753236
N,MN,ES368,ES,09/03/2020  7:00:00 AM,N,N,09/02/2020 11:05:00 PM,MAINTENANCE,Lower Mezzanine to Upper Mezzanine,Fulton St,2/3/4/5/A/C/J/Z,2020-09-03 09:40:17.753236
Y,QNS,EL434,EL,09/03/2020  7:00:00 AM,N,N,09/02/2020 11:24:00 PM,MAINTENANCE,Kew Gardens Rd & Union Tpke (SW corner) to Mezzanine for service in both directions,Kew Gardens / Union Tpk,E/F,2020-09-03 09:40:17.753236
N,MN,ES118,ES,09/04/2020  6:00:00 AM,N,N,09/02/2020  9:53:00 PM,PLANNED WORK,Lower Mezzanine to Upper Mezzanine,181 St,A,2020-09-03 09:45:17.961301
N,QNS,ES447,ES,09/03/2020  7:00:00 AM,N,N,09/02/2020 11:18:00 PM,MAINTENANCE,Platform to Mezzanine,Jamaica Center Parsons/Archer,E/J/Z,2020-09-03 09:45:17.961301
Y,MN,EL146,EL,09/03/2020  7:00:00 AM,N,N,09/03/2020 12:38:00 AM,PLANNED WORK,Street to Northbound platform,96 St,1/2/3,2020-09-03 09:50:18.208851
N,MN,ES301,ES,09/03/2020  7:00:00 AM,N,N,09/02/2020 11:40:00 PM,MAINTENANCE,Center Island Platform to Mezzanine,Park Place,2/3,2020-09-03 09:50:18.208851
Y,BX,EL136,EL,09/03/2020  7:00:00 AM,N,N,09/02/2020 11:30:00 PM,MAINTENANCE,White Plains Rd & Pelham Pkwy South (SW corner) to Mezzanine to reach service in both directions,Pelham Pkwy,2/5,2020-09-03 09:50:18.208851
N,MN,ES406,ES,09/03/2020  7:00:00 AM,N,N,09/02/2020 11:09:00 PM,MAINTENANCE,Middle Mezzanine to Lower Mezzanine,Lexington Av / 63 St,F/Q,2020-09-03 09:55:18.525058
N,MN,ES374,ES,09/03/2020  2:00:00 PM,N,N,09/03/2020  5:12:00 AM,UNDER INVESTIGATION,Platform to Mezzanine,South Ferry,1,2020-09-03 09:55:18.525058
Y,BKN,EL377,EL,09/03/2020  7:00:00 AM,N,N,09/02/2020 11:50:00 PM,MAINTENANCE,Mezzanine to Manhattan bound Platform,Bay Parkway,D,2020-09-03 10:00:18.730714
Y,BX,EL194,EL,09/03/2020  7:00:00 AM,N,N,09/02/2020 11:15:00 PM,MAINTENANCE,Mezzanine to downtown Platform,233 St,2/5,2020-09-03 10:15:19.285956
N,BKN,EL311,EL,09/03/2020  7:00:00 AM,N,N,09/02/2020 11:31:00 PM,MAINTENANCE,Lower Mezzanine to street-level Arcade at Clark St & Henry St,Clark St,2/3,2020-09-03 10:15:19.285956
Y,BX,EL183,EL,09/03/2020  7:00:00 AM,N,N,09/02/2020 11:15:00 PM,MAINTENANCE,Gun Hill Rd to downtown Platform,Gun Hill Rd,2/5,2020-09-03 10:15:19.285956
N,BKN,ES316,ES,09/03/2020  7:00:00 AM,N,N,09/02/2020 11:30:00 PM,MAINTENANCE,Lower Mezzanine to Upper Mezzanine,Smith - 9 Sts,F/G,2020-09-03 10:15:19.285956
Y,MN,EL123,EL,09/03/2020  7:00:00 AM,N,N,09/03/2020 12:05:00 AM,MAINTENANCE,177 St & Fort Washington Ave (NE corner) to Mezzanine for service in both directions,175 St,A,2020-09-03 10:20:19.512416
Y,BX,EL138,EL,09/03/2020  7:00:00 AM,N,N,09/02/2020 11:15:00 PM,MAINTENANCE,Mezzanine to Platform for Wakefield 241 St bound service,Pelham Pkwy,2/5,2020-09-03 10:40:20.227644
Y,BX,EL192,EL,09/03/2020  7:00:00 AM,N,N,09/02/2020 11:18:00 PM,MAINTENANCE,233 St & White Plans Rd (NW corner) to Mezzanine to reach service in both directions,233 St,2/5,2020-09-03 10:45:20.449322
N,MN,ES240,ES,09/03/2020  3:00:00 PM,N,N,09/03/2020  6:18:00 AM,UNDER INVESTIGATION,Southbound Platform to Mezzanine,5 Av / 53 St,E/M,2020-09-03 10:45:20.449322
Y,BKN,EL302,EL,09/03/2020  8:00:00 AM,N,N,09/03/2020  2:50:00 AM,MAINTENANCE,Mezzanine to D/N/R Coney Island and Bay Ridge bound Platform,Atlantic Av-Barclays Ctr,2/3/4/5/B/D/N/Q/R,2020-09-03 10:45:20.449322
N,MN,ES419,ES,09/03/2020  8:00:00 AM,N,N,09/03/2020  2:27:00 AM,CLEANING,Northbound Platform to Lower Mezzanine,Roosevelt Island,F,2020-09-03 11:20:22.032761
N,MN,ES243,ES,09/03/2020  3:00:00 PM,N,N,09/03/2020  6:25:00 AM,UNDER INVESTIGATION,Center Island Platform to Mezzanine,Lexington Av / 53 St,6/E/M,2020-09-03 11:50:23.330380
Y,BKN,EL702,EL,09/03/2020  1:00:00 PM,N,N,09/03/2020  4:02:00 AM,UNDER INVESTIGATION,ADA access to the N line Platform in combination with EL701 and a crossover bridge over the tracks,Coney Island Stillwell Av,D/F/N/Q,2020-09-03 12:00:23.651597
N,MN,ES419,ES,09/03/2020  4:00:00 PM,N,N,09/03/2020  7:40:00 AM,UNDER INVESTIGATION,Northbound Platform to Lower Mezzanine,Roosevelt Island,F,2020-09-03 12:15:24.858069
N,QNS,ES428,ES,09/03/2020  2:00:00 PM,N,N,09/03/2020  5:37:00 AM,UNDER INVESTIGATION,Center Island Platform to Mezzanine,Jamaica - Van Wyck,E,2020-09-03 12:45:26.037319
Y,BKN,EL700X,EL,09/03/2020  9:00:00 AM,N,N,09/02/2020  5:47:00 PM,REPAIR,Plaza entrance in front of Barclays Center to accessible passageway leading to Manhattan bound 2/3 Platform and rest of complex,Atlantic Av-Barclays Ctr,2/3/4/5/B/D/N/Q/R/LIRR,2020-09-03 13:00:26.730532
Y,MN,EL727X,EL,09/03/2020  9:00:00 AM,N,N,09/03/2020 12:52:00 AM,REPAIR,Mezzanine of eastern end of World Trade Center concourse to uptown R/W Platform and access to rest of complex,Cortlandt St,E/R/W,2020-09-03 13:00:26.730532
Y,MN,EL231X,EL,09/03/2020  9:00:00 AM,N,N,08/28/2020 10:30:00 AM,REPAIR,7th Ave & 42 St (SE corner) to Mezzanine for service in both directions on all lines,Times Sq - 42 St,1/2/3/7/N/Q/R/W,2020-09-03 13:15:27.449830
N,MN,ES268X,ES,09/03/2020  9:00:00 AM,N,N,08/25/2020  6:16:00 PM,REPAIR,Street to Mezzanine all trains,Times Sq - 42 St,1/2/3/7/N/Q/R/W,2020-09-03 13:15:27.449830
N,MN,ES238,ES,09/03/2020  4:00:00 PM,N,N,09/03/2020  7:20:00 AM,UNDER INVESTIGATION,Southbound Platform to Mezzanine,7 Av,B/D/E,2020-09-03 13:40:28.533107
N,MN,ES204,ES,09/03/2020  5:00:00 PM,N,N,09/03/2020  8:07:00 AM,UNDER INVESTIGATION,Lower Mezzanine to Street (3rd ave),42 St - Grand Central,4/5/6/7,2020-09-03 14:05:30.103810
Y,MN,EL726X,EL,09/03/2020  5:00:00 PM,N,N,09/03/2020  8:19:00 AM,REPAIR,Mezzanine of eastern end of World Trade Center concourse to downtown R/W Platform and access to rest of complex,Cortlandt St,E/R/W,2020-09-03 14:05:30.103810
N,BKN,ES324,ES,09/04/2020  4:00:00 PM,N,N,08/30/2020  6:31:00 PM,REPAIR,Lower Mezzanine to Upper Mezzanine,High St,A/C,2020-09-03 14:10:30.376056
Y,QNS,EL412,EL,09/03/2020 11:00:00 PM,N,N,09/02/2020  7:45:00 AM,REPAIR,Archer Ave & Parsons Blvd (SW corner) to Mezzanine for service in both directions on both lines,Jamaica Center Parsons/Archer,E/J/Z,2020-09-03 15:05:33.410025
Y,QNS,EL405,EL,09/03/2020  5:00:00 PM,N,N,09/03/2020  7:45:00 AM,PLANNED WORK,21 St & 41 Ave (NE corner) to Mezzanine to reach service in both directions,21 St - Queensbridge,F,2020-09-03 15:15:34.028093
N,MN,ES243,ES,09/03/2020  6:00:00 PM,N,N,09/03/2020 10:05:00 AM,PLANNED WORK,Center Island Platform to Mezzanine,Lexington Av / 53 St,6/E/M,2020-09-03 15:20:34.443980
N,MN,ES248,ES,09/03/2020  6:00:00 PM,N,N,09/03/2020  9:07:00 AM,UNDER INVESTIGATION,Center Island Platform to Mezzanine (60st / 3rd ave),Lexington Av / 59 St,N/R/W,2020-09-03 15:35:35.150957
Y,BX,EL192,EL,09/03/2020 11:00:00 PM,N,N,09/03/2020 10:45:00 AM,REPAIR,233 St & White Plans Rd (NW corner) to Mezzanine to reach service in both directions,233 St,2/5,2020-09-03 15:40:35.448218
N,MN,ES413,ES,09/03/2020  4:00:00 PM,N,N,09/03/2020  7:55:00 AM,PLANNED WORK,Center Mezzanine to Street,Roosevelt Island,F,2020-09-03 15:40:35.448218
N,MN,ES281,ES,09/03/2020  3:00:00 PM,N,N,09/03/2020  6:54:00 AM,UNDER INVESTIGATION,Mezzanine to mid landing entrance,86 St / 2 Av,Q,2020-09-03 15:45:35.636093
N,MN,ES236,ES,09/03/2020  7:00:00 PM,N,N,09/03/2020  5:08:00 AM,UNDER INVESTIGATION,Southbound Platform to Mezzanine,34 St - Herald Sq,B/D/F/M/N/Q/R/W,2020-09-03 15:50:35.903531
N,QNS,ES445,ES,09/03/2020  7:00:00 PM,N,N,09/03/2020 10:14:00 AM,UNDER INVESTIGATION,Center Island Upper Platform to Mezzanine,Jamaica Center Parsons/Archer,E/J/Z,2020-09-03 15:50:35.903531
N,MN,ES419,ES,09/03/2020  4:00:00 PM,N,N,09/03/2020  8:10:00 AM,PLANNED WORK,Northbound Platform to Lower Mezzanine,Roosevelt Island,F,2020-09-03 16:00:36.542031
N,MN,ES418,ES,09/03/2020  6:00:00 PM,N,N,09/03/2020  9:47:00 AM,REPAIR,Southbound Platform to Lower Mezzanine,Roosevelt Island,F,2020-09-03 16:05:36.723436
N,QNS,ES427,ES,09/03/2020  6:00:00 PM,N,N,09/03/2020  9:20:00 AM,PLANNED WORK,Mezzanine to Street,Jamaica - Van Wyck,E,2020-09-03 16:35:38.478680
N,MN,ES217,ES,09/03/2020  5:00:00 PM,N,N,09/03/2020  8:42:00 AM,UNDER INVESTIGATION,Center Island Platform to Mezzanine (41 st / 7 ave),Times Sq - 42 St,1/2/3/7/N/Q/R/W,2020-09-03 16:35:38.478680
N,BKN,ES303,ES,09/03/2020  8:00:00 PM,N,N,09/03/2020 11:32:00 AM,REPAIR,Southbound Platform to Mezzanine,Borough Hall,2/3/4/5,2020-09-03 16:55:39.468576
N,QNS,ES449,ES,09/03/2020  8:00:00 PM,N,N,09/03/2020 12:00:00 PM,UNDER INVESTIGATION,Lower Mezzanine to Upper Mezzanine,Jackson Hts - Roosevelt Av,7/E/F/M/R,2020-09-03 17:15:41.495867
Y,BX,EL195,EL,09/03/2020  8:00:00 PM,N,N,09/03/2020 11:14:00 AM,UNDER INVESTIGATION,Station entrance on the Hunts Pt Ave side of traffic Island to Mezzanine for service in both directions,Hunts Point,6,2020-09-03 17:20:41.935001
Y,BX,EL138,EL,09/03/2020  7:00:00 PM,N,N,09/03/2020 10:35:00 AM,PLANNED WORK,Mezzanine to Platform for Wakefield 241 St bound service,Pelham Pkwy,2/5,2020-09-03 17:25:42.239023
N,MN,ES374,ES,09/03/2020  2:00:00 PM,N,N,09/03/2020  5:57:00 AM,REPAIR,Platform to Mezzanine,South Ferry,1,2020-09-03 17:25:42.239023
N,BKN,ES346,ES,09/03/2020  5:00:00 PM,N,N,09/03/2020  8:35:00 AM,PLANNED WORK,Street to Mezzanine,Brighton Beach,B/Q,2020-09-03 17:30:42.795622
Y,BX,EL182,EL,09/03/2020  6:00:00 PM,N,N,09/03/2020  9:35:00 AM,PLANNED WORK,Gun Hill Rd to uptown Platform,Gun Hill Rd,2/5,2020-09-03 17:30:42.795622
N,MN,ES117,ES,09/04/2020  2:00:00 PM,N,N,09/03/2020  5:23:00 AM,REPAIR,Lower Mezzanine to Upper Mezzanine,181 St,A,2020-09-03 17:45:43.743320
Y,MN,EL443,EL,09/03/2020  4:00:00 PM,N,N,09/03/2020  8:50:00 AM,PLANNED WORK,Mezzanine of 3rd Ave entrance to F/Q Platform for service in both directions,Lexington Av / 63 St,F/Q,2020-09-03 17:45:43.743320
N,MN,ES216,ES,09/03/2020  9:00:00 PM,N,N,09/03/2020 12:47:00 PM,UNDER INVESTIGATION,Center Island Platform to Mezzanine (41 st / 7 ave),Times Sq - 42 St,1/2/3/7/N/Q/R/W,2020-09-03 17:50:44.077821
N,MN,ES312,ES,09/03/2020  6:00:00 PM,N,N,09/03/2020  9:20:00 AM,INSPECTION,Lower Mezzanine to Upper Mezzanine,Whitehall St - South Ferry,R/W,2020-09-03 18:10:45.063235
Y,MN,EL139,EL,09/03/2020  6:00:00 PM,N,N,09/03/2020  9:00:00 AM,PLANNED WORK,168 St & St Nicholas Ave (SE corner) to Mezzanine for A and C service in both directions (and to non-ADA 1 line elevators),168 St,A/C,2020-09-03 18:15:45.404171
N,MN,ES300,ES,09/03/2020  7:00:00 PM,N,N,09/03/2020  1:05:00 AM,REPAIR,Northbound Platform to Mezzanine,Broadway-Lafayette/Bleecker St,6/B/D/F/M,2020-09-03 18:25:45.875314
N,QNS,ES461X,ES,09/03/2020  6:00:00 PM,N,N,09/02/2020  8:59:00 AM,REPAIR,Street to Mezzanine,Court Square,7,2020-09-03 18:25:45.875314
N,MN,ES248,ES,09/03/2020  8:00:00 PM,N,N,09/03/2020 11:40:00 AM,UNDER INVESTIGATION,Center Island Platform to Mezzanine (60st / 3rd ave),Lexington Av / 59 St,N/R/W,2020-09-03 18:35:46.487790
Y,MN,EL123,EL,09/03/2020  6:00:00 PM,N,N,09/03/2020  9:20:00 AM,PLANNED WORK,177 St & Fort Washington Ave (NE corner) to Mezzanine for service in both directions,175 St,A,2020-09-03 18:40:46.707825
Y,MN,EL180,EL,09/03/2020  8:00:00 PM,N,N,09/03/2020 11:17:00 AM,UNDER INVESTIGATION,135 St & Lenox Ave (NE corner) to uptown and the Bronx-bound platform,135 St,2/3,2020-09-03 18:50:47.055860
Y,MN,EL222,EL,09/03/2020  6:00:00 PM,N,N,09/03/2020  9:25:00 AM,PLANNED WORK,Mezzanine to downtown A/C/E Platform,14 St - 8 Av,A/C/E/L,2020-09-03 18:50:47.055860
N,QNS,ES266X,ES,09/03/2020  4:00:00 PM,N,N,09/03/2020  7:31:00 AM,REPAIR,Street to Mezzanine passageway to E/G/M,Court Square,7,2020-09-03 18:50:47.055860
N,MN,ES249,ES,09/03/2020 11:00:00 PM,N,N,09/03/2020  2:30:00 PM,UNDER INVESTIGATION,Center Island Platform to Mezzanine (60st / 3rd ave),Lexington Av / 59 St,N/R/W,2020-09-03 19:05:48.352224
N,QNS,ES430,ES,09/03/2020 10:00:00 PM,N,N,09/03/2020  1:33:00 PM,UNDER INVESTIGATION,Mezzanine to Street,Jamaica - Van Wyck,E,2020-09-03 19:50:50.436531
N,MN,ES270,ES,09/03/2020 10:00:00 PM,N,N,09/03/2020  1:04:00 PM,REPAIR,Mezzanine to Street level,96 St / 2 Av,Q,2020-09-03 19:55:50.592300
N,MN,ES243,ES,09/03/2020 10:00:00 PM,N,N,09/03/2020  1:49:00 PM,REPAIR,Center Island Platform to Mezzanine,Lexington Av / 53 St,6/E/M,2020-09-03 20:50:53.655338
N,MN,ES260,ES,09/03/2020 11:00:00 PM,N,N,09/03/2020  2:24:00 PM,UNDER INVESTIGATION,Mezzanine to Street level,96 St / 2 Av,Q,2020-09-03 21:00:55.159266
N,MN,EL118,EL,09/04/2020 12:00:00 AM,N,N,09/03/2020  3:19:00 PM,UNDER INVESTIGATION,Lower Mezzanine to Upper Mezzanine (below 184 St & Ft Washington Ave),181 St,A,2020-09-03 21:10:55.643243
Y,QNS,EL421,EL,09/03/2020  7:00:00 PM,N,N,09/03/2020  7:25:00 AM,PLANNED WORK,Mezzanine to Platform for Manhattan bound E/F/M/R service,Jackson Hts - Roosevelt Av,7/E/F/M/R,2020-09-03 21:25:56.422673
N,MN,ES311,ES,09/03/2020 10:00:00 PM,N,N,09/03/2020  1:39:00 PM,UNDER INVESTIGATION,Lower Mezzanine to Upper Mezzanine,Whitehall St - South Ferry,R/W,2020-09-03 21:25:56.422673
N,QNS,ES428,ES,09/03/2020 10:00:00 PM,N,N,09/03/2020  1:35:00 PM,UNDER INVESTIGATION,Center Island Platform to Mezzanine,Jamaica - Van Wyck,E,2020-09-03 21:30:56.683480
N,QNS,ES452,ES,09/03/2020 10:00:00 PM,N,N,09/03/2020  1:43:00 PM,UNDER INVESTIGATION,Lower Mezzanine to Upper Mezzanine,Jackson Hts - Roosevelt Av,7/E/F/M/R,2020-09-03 22:00:58.448498
N,MN,EL118,EL,09/04/2020  2:00:00 AM,N,N,09/03/2020  5:30:00 PM,UNDER INVESTIGATION,Lower Mezzanine to Upper Mezzanine (below 184 St & Ft Washington Ave),181 St,A,2020-09-03 22:05:58.658209
N,MN,ES117,ES,09/03/2020 10:00:00 PM,N,N,09/03/2020  1:54:00 PM,UNDER INVESTIGATION,Lower Mezzanine to Upper Mezzanine,181 St,A,2020-09-03 22:20:59.326141
N,QNS,ES444,ES,09/04/2020 12:00:00 AM,N,N,09/03/2020  3:25:00 PM,UNDER INVESTIGATION,Center Island Upper Platform to Mezzanine,Jamaica Center Parsons/Archer,E/J/Z,2020-09-03 22:20:59.326141
Y,BX,EL128,EL,09/03/2020 10:00:00 PM,N,N,09/03/2020  2:18:00 PM,UNDER INVESTIGATION,Westchester Ave & Simpson St (NE corner) to Platform for Manhattan bound service,Simpson St,2/5,2020-09-03 22:20:59.326141
N,MN,ES221,ES,09/04/2020  2:00:00 AM,N,N,09/03/2020  5:38:00 PM,UNDER INVESTIGATION,Mall landing to Street,34 St - Herald Sq,B/D/F/M/N/Q/R/W,2020-09-03 22:25:59.898168
N,MN,ES249,ES,09/04/2020  2:00:00 AM,N,N,09/03/2020  5:06:00 PM,REPAIR,Center Island Platform to Mezzanine (60st / 3rd ave),Lexington Av / 59 St,N/R/W,2020-09-03 22:25:59.898168
N,MN,ES224,ES,09/03/2020 11:00:00 PM,N,N,09/03/2020  2:38:00 PM,REPAIR,Mezzanine to mall landing,34 St - Herald Sq,B/D/F/M/N/Q/R/W,2020-09-03 22:51:01.365521
N,QNS,ES456,ES,09/04/2020 12:00:00 AM,N,N,09/03/2020  3:33:00 PM,UNDER INVESTIGATION,Street to Mezzanine,Flushing Main St,7,2020-09-03 22:56:02.064683
N,MN,ES419,ES,09/03/2020 10:00:00 PM,N,N,09/03/2020  1:28:00 PM,UNDER INVESTIGATION,Northbound Platform to Lower Mezzanine,Roosevelt Island,F,2020-09-03 23:16:03.131189
N,BX,ES122,ES,09/04/2020  1:00:00 AM,N,N,09/03/2020  4:11:00 PM,UNDER INVESTIGATION,Street to Mezzanine,Pelham Pkwy,2/5,2020-09-03 23:31:04.116292
N,MN,ES206,ES,09/06/2020  7:00:00 AM,N,N,09/02/2020 11:35:00 PM,REPAIR,Lower Mezzanine to Upper Mezzanine (bowery),42 St - Grand Central,4/5/6/7,2020-09-03 23:41:04.746530
N,BX,ES120,ES,09/04/2020 12:00:00 AM,N,N,09/03/2020  3:07:00 PM,REPAIR,Mezzanine to Street,Pelham Bay Park,6,2020-09-04 00:01:05.882864
N,BKN,ES352,ES,09/04/2020  3:00:00 AM,N,N,09/03/2020  6:19:00 PM,UNDER INVESTIGATION,Lower Mezzanine to Platform,Franklin Av,C/S,2020-09-04 00:11:06.356805
N,MN,ES237,ES,09/04/2020 11:00:00 PM,N,N,08/31/2020 10:02:00 PM,REPAIR,Southbound Platform to Mezzanine,7 Av,B/D/E,2020-09-04 00:16:06.614178
Y,BKN,EL373,EL,09/04/2020  1:00:00 AM,N,N,09/03/2020  4:37:00 PM,REPAIR,Church Ave & McDonald Ave (NW corner) to Mezzanine for service in both directions,Church Av,F/G,2020-09-04 00:16:06.614178
